cedula_simulada,nombre,apellido1,apellido2,fecha_nacimiento,sexo,ciudad,correo_simulado
SIM896233790,Rosa,Pérez,Martínez,1964-09-03,Femenino,Manizales,rosa.pérez.3790@ejemplo.com
SIM210053353,Gabriela,Sánchez,Pineda,2000-09-16,Femenino,Cali,gabriela.sánchez.3353@ejemplo.com
SIM131994523,Marisol,Núñez,Rodríguez,1948-05-28,Femenino,Pereira,marisol.núñez.4523@ejemplo.com
SIM128492780,Gabriela,Rincón,Palacios,1990-05-08,Femenino,Pereira,gabriela.rincón.2780@ejemplo.com
SIM685126461,Antonella,Cano,Suárez,1977-08-20,Femenino,Manizales,antonella.cano.6461@ejemplo.com
SIM969119330,Renata,Álvarez,Soto,1940-07-31,Femenino,Bucaramanga,renata.álvarez.9330@ejemplo.com
SIM398362082,Yamile,Núñez,Morales,1953-12-12,Femenino,Pereira,yamile.núñez.2082@ejemplo.com
SIM199585092,Irene,Morales,Hernández,1974-01-31,Femenino,Barranquilla,irene.morales.5092@ejemplo.com
SIM384027113,Manuela,Ortiz,Palacios,1943-11-24,Femenino,Girón,manuela.ortiz.7113@ejemplo.com
SIM184611066,Clara,Pérez,Jiménez,1989-07-11,Femenino,Ibagué,clara.pérez.1066@ejemplo.com
SIM719927151,Rosa,Vega,Cruz,1957-04-01,Femenino,Cali,rosa.vega.7151@ejemplo.com
SIM930075810,Catalina,Beltrán,Castro,1965-12-17,Femenino,Cali,catalina.beltrán.5810@ejemplo.com
SIM398471886,Gabriela,Hernández,Jiménez,1980-09-04,Femenino,Pasto,gabriela.hernández.1886@ejemplo.com
SIM324956459,Paula,Cruz,Ortiz,2000-02-15,Femenino,Cúcuta,paula.cruz.6459@ejemplo.com
SIM176667861,Yamile,Herrera,Cano,1994-08-25,Femenino,Bucaramanga,yamile.herrera.7861@ejemplo.com
SIM275452091,Clara,Valencia,Vargas,1981-06-21,Femenino,Villavicencio,clara.valencia.2091@ejemplo.com
SIM698020238,Margarita,Ramos,Suárez,1959-09-14,Femenino,Santa Marta,margarita.ramos.0238@ejemplo.com
SIM345938494,Pilar,Marín,González,1942-11-17,Femenino,Santa Marta,pilar.marín.8494@ejemplo.com
SIM326541099,Diana,Soto,López,1990-11-19,Femenino,Santa Marta,diana.soto.1099@ejemplo.com
SIM524806516,Alejandra,Cano,Mejía,1997-09-02,Femenino,Girón,alejandra.cano.6516@ejemplo.com
SIM364814270,Daniela,Mendoza,Sánchez,2006-11-01,Femenino,Cúcuta,daniela.mendoza.4270@ejemplo.com
SIM726563708,Noemí,Álvarez,Núñez,1975-10-31,Femenino,Pasto,noemí.álvarez.3708@ejemplo.com
SIM629908599,Gabriela,Sánchez,Rincón,1948-02-26,Femenino,Medellín,gabriela.sánchez.8599@ejemplo.com
SIM271779360,Camila,Ramírez,Ramos,2001-01-18,Femenino,Soacha,camila.ramírez.9360@ejemplo.com
SIM509760584,Fabiola,López,Jiménez,1993-06-17,Femenino,Girón,fabiola.lópez.0584@ejemplo.com
SIM112327652,Inés,Mendoza,Camacho,2001-01-11,Femenino,Barranquilla,inés.mendoza.7652@ejemplo.com
SIM386501362,Nathalia,Ferrer,Guerra,1997-07-03,Femenino,Santa Marta,nathalia.ferrer.1362@ejemplo.com
SIM269820594,Camila,Silva,Núñez,1980-09-14,Femenino,Bogotá,camila.silva.0594@ejemplo.com
SIM637500247,Ariadna,Valencia,Mendoza,1956-01-11,Femenino,Barranquilla,ariadna.valencia.0247@ejemplo.com
SIM645098869,Rosa,Navarro,Ramos,1994-08-19,Femenino,Pereira,rosa.navarro.8869@ejemplo.com
SIM273461957,Daniela,Cruz,Guerra,1988-05-22,Femenino,Bogotá,daniela.cruz.1957@ejemplo.com
SIM120912992,Fabiola,Ruiz,Mejía,1950-01-13,Femenino,Pasto,fabiola.ruiz.2992@ejemplo.com
SIM358633898,Mónica,Vargas,González,1990-11-25,Femenino,Cali,mónica.vargas.3898@ejemplo.com
SIM976198296,Valentina,Valencia,Mejía,1946-03-17,Femenino,Cartagena,valentina.valencia.8296@ejemplo.com
SIM690347116,Andrea,Beltrán,León,1954-10-24,Femenino,Cúcuta,andrea.beltrán.7116@ejemplo.com
SIM327416584,Inés,Palacios,Núñez,1988-05-19,Femenino,Pereira,inés.palacios.6584@ejemplo.com
SIM821218382,Antonella,Navarro,Suárez,1998-04-21,Femenino,Pasto,antonella.navarro.8382@ejemplo.com
SIM229927269,Renata,Bravo,Córdoba,1962-03-29,Femenino,Manizales,renata.bravo.7269@ejemplo.com
SIM731691672,Isabella,Morales,Martínez,1989-09-10,Femenino,Manizales,isabella.morales.1672@ejemplo.com
SIM176228245,Marisol,Castro,García,2003-07-03,Femenino,Medellín,marisol.castro.8245@ejemplo.com
SIM454794895,Gabriela,López,Rodríguez,1946-05-10,Femenino,Manizales,gabriela.lópez.4895@ejemplo.com
SIM330035022,Margarita,Beltrán,Mejía,1988-05-17,Femenino,Cartagena,margarita.beltrán.5022@ejemplo.com
SIM360916298,Ariadna,Salazar,León,1982-06-07,Femenino,Soacha,ariadna.salazar.6298@ejemplo.com
SIM562837684,Juliana,Hernández,Beltrán,1971-10-14,Femenino,Soacha,juliana.hernández.7684@ejemplo.com
SIM158165865,Patricia,Pacheco,Valencia,2000-05-29,Femenino,Barranquilla,patricia.pacheco.5865@ejemplo.com
SIM464323393,Sofía,Suárez,Valencia,1949-10-20,Femenino,Manizales,sofía.suárez.3393@ejemplo.com
SIM581695135,Juliana,Rojas,Ferrer,1952-07-29,Femenino,Soacha,juliana.rojas.5135@ejemplo.com
SIM368227631,Natalia,Soto,Pacheco,1946-10-06,Femenino,Girón,natalia.soto.7631@ejemplo.com
SIM800235246,Victoria,Hernández,González,1988-06-30,Femenino,Bogotá,victoria.hernández.5246@ejemplo.com
SIM278575192,Valentina,Guerra,Vargas,1976-06-17,Femenino,Envigado,valentina.guerra.5192@ejemplo.com
SIM162959284,Luciana,Díaz,Suárez,1954-10-08,Femenino,Villavicencio,luciana.díaz.9284@ejemplo.com
SIM941889393,María,Jiménez,Mendoza,1980-10-26,Femenino,Ibagué,maría.jiménez.9393@ejemplo.com
SIM941128035,Silvana,Suárez,Valencia,1989-11-10,Femenino,Envigado,silvana.suárez.8035@ejemplo.com
SIM333754555,Daniela,Rojas,Silva,1945-03-31,Femenino,Medellín,daniela.rojas.4555@ejemplo.com
SIM153839920,Noemí,Ruiz,González,1992-05-29,Femenino,Envigado,noemí.ruiz.9920@ejemplo.com
SIM161073976,Elena,Bravo,Torres,1985-07-23,Femenino,Cali,elena.bravo.3976@ejemplo.com
SIM172972420,Natalia,López,Palacios,2000-07-29,Femenino,Manizales,natalia.lópez.2420@ejemplo.com
SIM364371717,Diana,Pérez,Salazar,1991-12-09,Femenino,Medellín,diana.pérez.1717@ejemplo.com
SIM805849060,Olga,Martínez,Vélez,1992-05-12,Femenino,Santa Marta,olga.martínez.9060@ejemplo.com
SIM869005091,Carolina,Díaz,Beltrán,1968-03-09,Femenino,Manizales,carolina.díaz.5091@ejemplo.com
SIM821221887,Carolina,Suárez,Sánchez,1997-11-28,Femenino,Ibagué,carolina.suárez.1887@ejemplo.com
SIM177892576,Bianca,Ruiz,Guerra,1940-11-01,Femenino,Girón,bianca.ruiz.2576@ejemplo.com
SIM178663096,Olga,Salazar,Hernández,1988-03-26,Femenino,Pereira,olga.salazar.3096@ejemplo.com
SIM474745382,Elena,Mendoza,Sánchez,1946-03-04,Femenino,Manizales,elena.mendoza.5382@ejemplo.com
SIM570497096,Jimena,Silva,Torres,1988-09-25,Femenino,Ibagué,jimena.silva.7096@ejemplo.com
SIM108399996,Olga,Cano,Bravo,1999-12-01,Femenino,Ibagué,olga.cano.9996@ejemplo.com
SIM383968123,Liliana,Hernández,Sánchez,1950-05-10,Femenino,Barranquilla,liliana.hernández.8123@ejemplo.com
SIM392431670,Noemí,Camacho,Ramírez,1965-04-11,Femenino,Pereira,noemí.camacho.1670@ejemplo.com
SIM838194420,Antonella,Morales,Díaz,1996-11-24,Femenino,Cúcuta,antonella.morales.4420@ejemplo.com
SIM154544899,Elena,Mejía,Mendoza,1948-04-12,Femenino,Soacha,elena.mejía.4899@ejemplo.com
SIM458153605,Margarita,Rodríguez,García,1951-09-26,Femenino,Cúcuta,margarita.rodríguez.3605@ejemplo.com
SIM692362342,Paula,Pineda,Córdoba,2003-04-23,Femenino,Soacha,paula.pineda.2342@ejemplo.com
SIM180792472,Victoria,García,Pérez,2001-12-29,Femenino,Cartagena,victoria.garcía.2472@ejemplo.com
SIM725464884,Clara,Rodríguez,Cruz,1989-07-27,Femenino,Cartagena,clara.rodríguez.4884@ejemplo.com
SIM430989881,Silvana,Sánchez,Rodríguez,1972-09-17,Femenino,Medellín,silvana.sánchez.9881@ejemplo.com
SIM367930513,Manuela,Díaz,Herrera,1999-11-01,Femenino,Barranquilla,manuela.díaz.0513@ejemplo.com
SIM536344399,Manuela,Marín,Camacho,1995-09-06,Femenino,Cartagena,manuela.marín.4399@ejemplo.com
SIM542697755,Ana,Torres,Gómez,1942-03-23,Femenino,Bucaramanga,ana.torres.7755@ejemplo.com
SIM961393416,Noemí,Morales,Vélez,2000-02-06,Femenino,Manizales,noemí.morales.3416@ejemplo.com
SIM216066793,Margarita,Torres,Suárez,1974-04-27,Femenino,Medellín,margarita.torres.6793@ejemplo.com
SIM976803188,Luciana,Castro,Rojas,1981-04-18,Femenino,Pasto,luciana.castro.3188@ejemplo.com
SIM808705238,Mónica,Castro,Martínez,1957-04-29,Femenino,Villavicencio,mónica.castro.5238@ejemplo.com
SIM930353157,Sara,Soto,López,1965-01-15,Femenino,Pasto,sara.soto.3157@ejemplo.com
SIM829627019,Angélica,Rincón,Suárez,1988-02-08,Femenino,Santa Marta,angélica.rincón.7019@ejemplo.com
SIM291735734,Laura,Pérez,Mendoza,1992-02-01,Femenino,Cúcuta,laura.pérez.5734@ejemplo.com
SIM566609283,Catalina,Hernández,Palacios,1971-01-05,Femenino,Santa Marta,catalina.hernández.9283@ejemplo.com
SIM224173718,Silvana,Palacios,Rincón,1974-07-23,Femenino,Pereira,silvana.palacios.3718@ejemplo.com
SIM568213197,Carolina,Rodríguez,Montero,1940-02-25,Femenino,Pereira,carolina.rodríguez.3197@ejemplo.com
SIM813219781,Jimena,Núñez,López,1969-08-15,Femenino,Santa Marta,jimena.núñez.9781@ejemplo.com
SIM422468580,Liliana,Pérez,Valencia,1985-06-30,Femenino,Ibagué,liliana.pérez.8580@ejemplo.com
SIM532074125,Liliana,Vélez,Ruiz,2002-07-20,Femenino,Ibagué,liliana.vélez.4125@ejemplo.com
SIM551450815,Victoria,Sánchez,Rojas,1999-08-27,Femenino,Villavicencio,victoria.sánchez.0815@ejemplo.com
SIM760904107,Nathalia,Pineda,Gómez,1991-01-21,Femenino,Ibagué,nathalia.pineda.4107@ejemplo.com
SIM426283245,Diana,Camacho,García,1965-09-27,Femenino,Pereira,diana.camacho.3245@ejemplo.com
SIM802984810,Silvana,Álvarez,Palacios,1968-11-28,Femenino,Girón,silvana.álvarez.4810@ejemplo.com
SIM329460134,Renata,Córdoba,Herrera,1985-11-10,Femenino,Envigado,renata.córdoba.0134@ejemplo.com
SIM191048514,Noemí,Torres,Beltrán,1965-06-17,Femenino,Santa Marta,noemí.torres.8514@ejemplo.com
SIM822408848,Valentina,Guerra,Vargas,1967-11-06,Femenino,Manizales,valentina.guerra.8848@ejemplo.com
SIM149621604,Juliana,Ramírez,Martínez,1961-12-19,Femenino,Envigado,juliana.ramírez.1604@ejemplo.com
SIM588999385,Olga,Marín,López,1977-03-07,Femenino,Pereira,olga.marín.9385@ejemplo.com
SIM630833445,Antonella,Suárez,Jiménez,1975-11-08,Femenino,Manizales,antonella.suárez.3445@ejemplo.com
SIM105953697,Daniela,Cano,Suárez,2007-05-16,Femenino,Barranquilla,daniela.cano.3697@ejemplo.com
SIM288856883,Pilar,Núñez,Castro,2002-06-07,Femenino,Girón,pilar.núñez.6883@ejemplo.com
SIM230307805,Sofía,Camacho,Vargas,1980-12-13,Femenino,Cartagena,sofía.camacho.7805@ejemplo.com
SIM700141462,Bianca,Beltrán,Bravo,1993-06-02,Femenino,Santa Marta,bianca.beltrán.1462@ejemplo.com
SIM975106572,Irene,Córdoba,Vega,2004-07-12,Femenino,Soacha,irene.córdoba.6572@ejemplo.com
SIM898493949,Victoria,Córdoba,Torres,1982-08-02,Femenino,Girón,victoria.córdoba.3949@ejemplo.com
SIM784683755,Carolina,Guerra,Vargas,1964-11-16,Femenino,Envigado,carolina.guerra.3755@ejemplo.com
SIM572309605,Rosa,Vargas,Soto,1946-12-13,Femenino,Ibagué,rosa.vargas.9605@ejemplo.com
SIM443285529,Ana,Soto,Morales,1988-06-16,Femenino,Cali,ana.soto.5529@ejemplo.com
SIM511281012,Andrea,Ramírez,Castro,2002-04-04,Femenino,Cartagena,andrea.ramírez.1012@ejemplo.com
SIM545461013,Antonella,Díaz,López,1976-07-26,Femenino,Santa Marta,antonella.díaz.1013@ejemplo.com
SIM166857303,Clara,Pacheco,Vélez,1958-07-22,Femenino,Soacha,clara.pacheco.7303@ejemplo.com
SIM846812123,Adriana,Marín,Álvarez,1941-10-02,Femenino,Villavicencio,adriana.marín.2123@ejemplo.com
SIM420632895,Luciana,García,Ortiz,2007-08-06,Femenino,Villavicencio,luciana.garcía.2895@ejemplo.com
SIM888807316,Patricia,Ferrer,Pineda,1988-12-29,Femenino,Manizales,patricia.ferrer.7316@ejemplo.com
SIM567975319,Mariana,Castro,Soto,1983-07-27,Femenino,Bogotá,mariana.castro.5319@ejemplo.com
SIM829223044,Adriana,Morales,Beltrán,1976-04-09,Femenino,Bucaramanga,adriana.morales.3044@ejemplo.com
SIM673510887,Bianca,Sánchez,Vega,1942-06-02,Femenino,Villavicencio,bianca.sánchez.0887@ejemplo.com
SIM129100607,Marisol,Salazar,Beltrán,1947-07-13,Femenino,Soacha,marisol.salazar.0607@ejemplo.com
SIM153992714,Andrea,Pacheco,Gómez,1963-05-04,Femenino,Villavicencio,andrea.pacheco.2714@ejemplo.com
SIM450948014,Verónica,Díaz,Pacheco,1970-04-12,Femenino,Villavicencio,verónica.díaz.8014@ejemplo.com
SIM370874491,Margarita,Guerra,Vélez,1947-05-07,Femenino,Envigado,margarita.guerra.4491@ejemplo.com
SIM155926488,Laura,Pineda,Ferrer,1971-05-25,Femenino,Manizales,laura.pineda.6488@ejemplo.com
SIM799816232,Angélica,López,Marín,1943-08-12,Femenino,Bogotá,angélica.lópez.6232@ejemplo.com
SIM767154083,Ana,Rojas,Martínez,1953-09-02,Femenino,Manizales,ana.rojas.4083@ejemplo.com
SIM222824732,Andrea,León,Beltrán,1990-08-06,Femenino,Pereira,andrea.león.4732@ejemplo.com
SIM923450567,Bianca,Suárez,Mendoza,1973-02-03,Femenino,Bucaramanga,bianca.suárez.0567@ejemplo.com
SIM871330207,Fabiola,Palacios,Pineda,1950-04-11,Femenino,Bucaramanga,fabiola.palacios.0207@ejemplo.com
SIM127571992,Mónica,Hernández,Álvarez,1967-12-27,Femenino,Villavicencio,mónica.hernández.1992@ejemplo.com
SIM181600593,Diana,Montero,Rojas,1993-02-12,Femenino,Manizales,diana.montero.0593@ejemplo.com
SIM423821937,Lucía,Suárez,Marín,2001-05-21,Femenino,Barranquilla,lucía.suárez.1937@ejemplo.com
SIM672030854,Estefanía,Rodríguez,Ortiz,1978-06-07,Femenino,Pasto,estefanía.rodríguez.0854@ejemplo.com
SIM466394187,Isabella,Rincón,Cano,1941-02-18,Femenino,Soacha,isabella.rincón.4187@ejemplo.com
SIM488896443,Mariana,Hernández,Núñez,1997-01-07,Femenino,Girón,mariana.hernández.6443@ejemplo.com
SIM289125618,Antonella,Ramírez,Núñez,2005-10-31,Femenino,Cúcuta,antonella.ramírez.5618@ejemplo.com
SIM619151495,Olga,Ferrer,Marín,1981-09-14,Femenino,Soacha,olga.ferrer.1495@ejemplo.com
SIM446071904,Ariadna,Álvarez,Soto,1962-01-09,Femenino,Cali,ariadna.álvarez.1904@ejemplo.com
SIM905817775,Margarita,Córdoba,Vargas,1981-09-09,Femenino,Villavicencio,margarita.córdoba.7775@ejemplo.com
SIM448981305,Sara,Martínez,Mejía,1956-04-24,Femenino,Envigado,sara.martínez.1305@ejemplo.com
SIM465436049,Alejandra,Ortiz,Mendoza,1965-02-01,Femenino,Cúcuta,alejandra.ortiz.6049@ejemplo.com
SIM305145276,Victoria,García,Bravo,1947-09-06,Femenino,Manizales,victoria.garcía.5276@ejemplo.com
SIM696115913,Ariadna,Vélez,Mejía,1961-07-23,Femenino,Envigado,ariadna.vélez.5913@ejemplo.com
SIM581223755,Angélica,Montero,Mejía,1941-07-19,Femenino,Cali,angélica.montero.3755@ejemplo.com
SIM842800803,Lorena,Castro,Suárez,1961-10-29,Femenino,Ibagué,lorena.castro.0803@ejemplo.com
SIM608159580,Liliana,Álvarez,Cruz,1989-08-27,Femenino,Pasto,liliana.álvarez.9580@ejemplo.com
SIM455184454,Silvana,Pineda,Camacho,1971-07-25,Femenino,Girón,silvana.pineda.4454@ejemplo.com
SIM347538338,Margarita,Navarro,Mendoza,1950-10-28,Femenino,Pereira,margarita.navarro.8338@ejemplo.com
SIM675379544,Verónica,Pérez,Pineda,2001-12-01,Femenino,Bucaramanga,verónica.pérez.9544@ejemplo.com
SIM619904272,Juliana,Díaz,Pineda,1964-10-21,Femenino,Ibagué,juliana.díaz.4272@ejemplo.com
SIM344258191,Lucía,Rojas,Silva,1972-05-17,Femenino,Bucaramanga,lucía.rojas.8191@ejemplo.com
SIM673523188,Mónica,García,Montero,1951-05-10,Femenino,Cúcuta,mónica.garcía.3188@ejemplo.com
SIM413679331,Catalina,González,Camacho,2002-07-26,Femenino,Cartagena,catalina.gonzález.9331@ejemplo.com
SIM210152642,Rosa,Guerra,Mejía,1941-02-05,Femenino,Ibagué,rosa.guerra.2642@ejemplo.com
SIM465830215,Luciana,León,Córdoba,1956-07-16,Femenino,Medellín,luciana.león.0215@ejemplo.com
SIM982739959,Carolina,León,Pérez,1945-11-11,Femenino,Villavicencio,carolina.león.9959@ejemplo.com
SIM775862179,Mariana,López,Salazar,2001-08-01,Femenino,Medellín,mariana.lópez.2179@ejemplo.com
SIM426240903,Daniela,Ramírez,Salazar,1947-08-23,Femenino,Manizales,daniela.ramírez.0903@ejemplo.com
SIM546863451,Camila,Camacho,Guerra,1994-05-24,Femenino,Manizales,camila.camacho.3451@ejemplo.com
SIM583736219,Pilar,Bravo,Jiménez,1979-09-20,Femenino,Ibagué,pilar.bravo.6219@ejemplo.com
SIM710561240,Marisol,Núñez,Navarro,1995-09-18,Femenino,Medellín,marisol.núñez.1240@ejemplo.com
SIM918982730,Olga,Pineda,Hernández,1958-08-22,Femenino,Pereira,olga.pineda.2730@ejemplo.com
SIM268638768,Carolina,Beltrán,Martínez,1961-07-08,Femenino,Bucaramanga,carolina.beltrán.8768@ejemplo.com
SIM102873038,Victoria,López,Torres,1976-08-25,Femenino,Girón,victoria.lópez.3038@ejemplo.com
SIM412737284,Yamile,Palacios,León,1942-12-05,Femenino,Manizales,yamile.palacios.7284@ejemplo.com
SIM854827139,Lorena,Montero,Silva,1980-09-24,Femenino,Cali,lorena.montero.7139@ejemplo.com
SIM945923902,Nathalia,Castro,Mendoza,1996-01-28,Femenino,Pereira,nathalia.castro.3902@ejemplo.com
SIM341387305,Silvana,Pérez,Ferrer,1998-02-06,Femenino,Cartagena,silvana.pérez.7305@ejemplo.com
SIM164035859,Margarita,Ramírez,López,1954-11-19,Femenino,Ibagué,margarita.ramírez.5859@ejemplo.com
SIM409893263,Fabiola,Pineda,Salazar,1979-05-26,Femenino,Barranquilla,fabiola.pineda.3263@ejemplo.com
SIM851333320,Bianca,Suárez,Navarro,1976-02-10,Femenino,Cúcuta,bianca.suárez.3320@ejemplo.com
SIM570040006,Elena,Ferrer,Mejía,1947-03-20,Femenino,Medellín,elena.ferrer.0006@ejemplo.com
SIM748232591,Silvana,Pineda,Ruiz,1962-06-18,Femenino,Bogotá,silvana.pineda.2591@ejemplo.com
SIM997603725,Valentina,Castro,Herrera,1991-08-09,Femenino,Bogotá,valentina.castro.3725@ejemplo.com
SIM718740490,Irene,Herrera,Soto,1943-08-11,Femenino,Bucaramanga,irene.herrera.0490@ejemplo.com
SIM574840200,Luciana,Bravo,Cano,1964-12-14,Femenino,Bucaramanga,luciana.bravo.0200@ejemplo.com
SIM974288855,Marisol,Núñez,Ramos,1984-02-11,Femenino,Cali,marisol.núñez.8855@ejemplo.com
SIM457887167,Luciana,Ortiz,Vélez,1968-10-20,Femenino,Barranquilla,luciana.ortiz.7167@ejemplo.com
SIM844826434,Paula,Morales,Vélez,1984-06-13,Femenino,Ibagué,paula.morales.6434@ejemplo.com
SIM690661740,Liliana,Suárez,Guerra,1943-04-17,Femenino,Girón,liliana.suárez.1740@ejemplo.com
SIM447112584,Valentina,Ruiz,Mendoza,1950-05-26,Femenino,Villavicencio,valentina.ruiz.2584@ejemplo.com
SIM682605435,Elena,García,Beltrán,1981-06-12,Femenino,Soacha,elena.garcía.5435@ejemplo.com
SIM488457631,Sofía,Rojas,Bravo,1995-11-10,Femenino,Envigado,sofía.rojas.7631@ejemplo.com
SIM155417727,Rosa,Córdoba,Guerra,1958-04-06,Femenino,Cúcuta,rosa.córdoba.7727@ejemplo.com
SIM570423569,Victoria,Sánchez,Silva,2002-08-23,Femenino,Envigado,victoria.sánchez.3569@ejemplo.com
SIM753770973,Camila,Martínez,Ramos,1961-06-20,Femenino,Bucaramanga,camila.martínez.0973@ejemplo.com
SIM692975437,Mónica,Camacho,García,1976-08-08,Femenino,Cali,mónica.camacho.5437@ejemplo.com
SIM226128312,Gabriela,Pérez,Pacheco,1998-02-09,Femenino,Cartagena,gabriela.pérez.8312@ejemplo.com
SIM646397165,Mariana,Montero,Silva,2003-04-14,Femenino,Cúcuta,mariana.montero.7165@ejemplo.com
SIM590470737,Patricia,León,Vargas,1989-06-15,Femenino,Cartagena,patricia.león.0737@ejemplo.com
SIM645719501,Adriana,Rojas,Palacios,2006-12-14,Femenino,Cartagena,adriana.rojas.9501@ejemplo.com
SIM948262678,Isabella,Soto,Marín,1977-03-23,Femenino,Santa Marta,isabella.soto.2678@ejemplo.com
SIM403696046,Elena,Soto,García,2005-02-19,Femenino,Ibagué,elena.soto.6046@ejemplo.com
SIM625747313,Marisol,Álvarez,Beltrán,1953-05-01,Femenino,Girón,marisol.álvarez.7313@ejemplo.com
SIM456954682,Clara,León,Ortiz,1989-07-07,Femenino,Villavicencio,clara.león.4682@ejemplo.com
SIM848933239,Bianca,Ruiz,Rojas,1961-06-04,Femenino,Villavicencio,bianca.ruiz.3239@ejemplo.com
SIM146865930,Gabriela,Marín,Vélez,1968-07-18,Femenino,Envigado,gabriela.marín.5930@ejemplo.com
SIM950826208,Antonella,Jiménez,Beltrán,1998-06-30,Femenino,Cartagena,antonella.jiménez.6208@ejemplo.com
SIM639331014,Mariana,Rodríguez,Sánchez,1992-12-12,Femenino,Santa Marta,mariana.rodríguez.1014@ejemplo.com
SIM664735673,Lucía,Córdoba,Hernández,1980-12-28,Femenino,Bogotá,lucía.córdoba.5673@ejemplo.com
SIM803066091,Ariadna,Ramírez,Vélez,1953-11-06,Femenino,Cali,ariadna.ramírez.6091@ejemplo.com
SIM769219685,Luciana,Mendoza,Morales,2002-02-22,Femenino,Villavicencio,luciana.mendoza.9685@ejemplo.com
SIM824085842,Angélica,Martínez,Morales,1987-11-15,Femenino,Villavicencio,angélica.martínez.5842@ejemplo.com
SIM915401487,Verónica,Ramos,Montero,1983-10-11,Femenino,Medellín,verónica.ramos.1487@ejemplo.com
SIM777703980,Olga,López,Vargas,2001-05-26,Femenino,Ibagué,olga.lópez.3980@ejemplo.com
SIM565973314,Gabriela,Pineda,Martínez,1948-10-30,Femenino,Barranquilla,gabriela.pineda.3314@ejemplo.com
SIM421549249,Renata,Torres,Suárez,1942-08-06,Femenino,Medellín,renata.torres.9249@ejemplo.com
SIM484897084,Verónica,González,Silva,1973-08-17,Femenino,Soacha,verónica.gonzález.7084@ejemplo.com
SIM542437192,Daniela,Vargas,Bravo,1990-10-09,Femenino,Bucaramanga,daniela.vargas.7192@ejemplo.com
SIM754436820,Paula,Gómez,Martínez,1974-04-27,Femenino,Manizales,paula.gómez.6820@ejemplo.com
SIM349310440,Mariana,Álvarez,Ramírez,1981-05-15,Femenino,Cúcuta,mariana.álvarez.0440@ejemplo.com
SIM110090412,Bianca,Mendoza,Beltrán,1981-09-27,Femenino,Ibagué,bianca.mendoza.0412@ejemplo.com
SIM179308612,Nathalia,Ferrer,Torres,1979-08-18,Femenino,Pasto,nathalia.ferrer.8612@ejemplo.com
SIM555598254,Marisol,Navarro,Ramos,2001-12-06,Femenino,Cúcuta,marisol.navarro.8254@ejemplo.com
SIM513061224,Bianca,Navarro,Rojas,1983-05-08,Femenino,Barranquilla,bianca.navarro.1224@ejemplo.com
SIM485429460,Ana,Jiménez,Salazar,1991-07-27,Femenino,Ibagué,ana.jiménez.9460@ejemplo.com
SIM991246046,Yamile,Silva,Martínez,1999-01-19,Femenino,Villavicencio,yamile.silva.6046@ejemplo.com
SIM836371599,Margarita,García,Salazar,2006-10-22,Femenino,Medellín,margarita.garcía.1599@ejemplo.com
SIM994253959,Fabiola,Pineda,Mejía,1965-09-04,Femenino,Manizales,fabiola.pineda.3959@ejemplo.com
SIM783563240,Fabiola,Ortiz,Castro,1957-01-21,Femenino,Cúcuta,fabiola.ortiz.3240@ejemplo.com
SIM924065468,Nathalia,Guerra,Valencia,1999-02-20,Femenino,Cartagena,nathalia.guerra.5468@ejemplo.com
SIM794002948,Rosa,Hernández,Ramos,1943-07-15,Femenino,Ibagué,rosa.hernández.2948@ejemplo.com
SIM491766764,Renata,Rodríguez,Álvarez,2005-09-13,Femenino,Cartagena,renata.rodríguez.6764@ejemplo.com
SIM902601465,Valentina,Silva,Ruiz,1977-04-11,Femenino,Bucaramanga,valentina.silva.1465@ejemplo.com
SIM492836532,Juliana,Sánchez,Ferrer,1987-08-16,Femenino,Cúcuta,juliana.sánchez.6532@ejemplo.com
SIM965960427,Paula,Mendoza,León,1966-06-24,Femenino,Santa Marta,paula.mendoza.0427@ejemplo.com
SIM251136695,Camila,Pacheco,López,2007-08-29,Femenino,Manizales,camila.pacheco.6695@ejemplo.com
SIM526717340,Nathalia,Valencia,Herrera,1989-12-31,Femenino,Pasto,nathalia.valencia.7340@ejemplo.com
SIM383960237,Valentina,Suárez,García,1988-02-20,Femenino,Barranquilla,valentina.suárez.0237@ejemplo.com
SIM904245086,Bianca,Cruz,Herrera,2000-04-26,Femenino,Cúcuta,bianca.cruz.5086@ejemplo.com
SIM498866784,Marisol,Jiménez,Ramos,1949-09-20,Femenino,Manizales,marisol.jiménez.6784@ejemplo.com
SIM702806585,Luciana,Martínez,Vega,1969-06-05,Femenino,Manizales,luciana.martínez.6585@ejemplo.com
SIM984607950,Angélica,López,Ramos,1981-08-26,Femenino,Ibagué,angélica.lópez.7950@ejemplo.com
SIM250084428,Angélica,Vélez,Pérez,1944-01-25,Femenino,Medellín,angélica.vélez.4428@ejemplo.com
SIM204359116,Mónica,Mejía,Pérez,1961-01-23,Femenino,Cartagena,mónica.mejía.9116@ejemplo.com
SIM819929088,Adriana,Pacheco,Cruz,2006-09-02,Femenino,Soacha,adriana.pacheco.9088@ejemplo.com
SIM265917699,Marisol,Pineda,Valencia,1977-03-21,Femenino,Barranquilla,marisol.pineda.7699@ejemplo.com
SIM400368694,Mariana,Vega,Vélez,1942-12-08,Femenino,Pasto,mariana.vega.8694@ejemplo.com
SIM489431174,Alejandra,Córdoba,Vargas,1948-11-29,Femenino,Pasto,alejandra.córdoba.1174@ejemplo.com
SIM165015165,Clara,Cano,Ortiz,1975-09-20,Femenino,Cúcuta,clara.cano.5165@ejemplo.com
SIM198433586,Juliana,Pérez,Pacheco,1999-06-17,Femenino,Pereira,juliana.pérez.3586@ejemplo.com
SIM122932394,Angélica,Ramos,Palacios,1944-07-15,Femenino,Santa Marta,angélica.ramos.2394@ejemplo.com
SIM320337809,Ana,Sánchez,Salazar,1946-02-26,Femenino,Pereira,ana.sánchez.7809@ejemplo.com
SIM452788129,Marisol,Díaz,Castro,1953-03-28,Femenino,Bogotá,marisol.díaz.8129@ejemplo.com
SIM680051935,Margarita,Ramírez,Sánchez,1962-06-27,Femenino,Bucaramanga,margarita.ramírez.1935@ejemplo.com
SIM241522640,Camila,Beltrán,Martínez,1941-05-01,Femenino,Pasto,camila.beltrán.2640@ejemplo.com
SIM116944811,Ana,Álvarez,Ruiz,1955-08-19,Femenino,Cúcuta,ana.álvarez.4811@ejemplo.com
SIM552002959,Sofía,Sánchez,Pineda,1987-03-13,Femenino,Barranquilla,sofía.sánchez.2959@ejemplo.com
SIM581331845,Noemí,López,León,1972-06-24,Femenino,Barranquilla,noemí.lópez.1845@ejemplo.com
SIM760465943,Renata,Rincón,Castro,1943-11-21,Femenino,Ibagué,renata.rincón.5943@ejemplo.com
SIM165310776,Bianca,Cano,Martínez,1982-12-21,Femenino,Villavicencio,bianca.cano.0776@ejemplo.com
SIM626422169,Silvana,Herrera,Hernández,2003-11-29,Femenino,Girón,silvana.herrera.2169@ejemplo.com
SIM753154389,Isabella,Martínez,Ruiz,1953-04-22,Femenino,Cali,isabella.martínez.4389@ejemplo.com
SIM779760958,Andrea,Soto,Vega,1992-07-07,Femenino,Santa Marta,andrea.soto.0958@ejemplo.com
SIM416644047,Adriana,Palacios,Bravo,1980-09-14,Femenino,Soacha,adriana.palacios.4047@ejemplo.com
SIM802992685,Lucía,Suárez,Pérez,1998-05-25,Femenino,Pereira,lucía.suárez.2685@ejemplo.com
SIM544328940,Silvana,Córdoba,Castro,1970-05-29,Femenino,Girón,silvana.córdoba.8940@ejemplo.com
SIM202097643,Diana,Vélez,Valencia,1968-01-15,Femenino,Soacha,diana.vélez.7643@ejemplo.com
SIM501902658,Verónica,Beltrán,Mendoza,1953-09-10,Femenino,Envigado,verónica.beltrán.2658@ejemplo.com
SIM203685265,Isabella,Martínez,Núñez,2006-10-19,Femenino,Pasto,isabella.martínez.5265@ejemplo.com
SIM729712082,Andrea,Camacho,González,1990-05-20,Femenino,Santa Marta,andrea.camacho.2082@ejemplo.com
SIM479673044,Liliana,Pérez,Vélez,1999-09-09,Femenino,Soacha,liliana.pérez.3044@ejemplo.com
SIM744685429,Ariadna,González,Silva,1968-01-12,Femenino,Pasto,ariadna.gonzález.5429@ejemplo.com
SIM328426553,Lucía,Salazar,Rincón,1953-11-18,Femenino,Envigado,lucía.salazar.6553@ejemplo.com
SIM697285504,Gabriela,Hernández,Ortiz,1972-12-22,Femenino,Barranquilla,gabriela.hernández.5504@ejemplo.com
SIM342836476,Irene,Soto,Salazar,1978-07-01,Femenino,Bogotá,irene.soto.6476@ejemplo.com
SIM387169808,Fabiola,Beltrán,Suárez,1942-08-06,Femenino,Bucaramanga,fabiola.beltrán.9808@ejemplo.com
SIM431769776,Margarita,Suárez,Guerra,1970-06-27,Femenino,Pasto,margarita.suárez.9776@ejemplo.com
SIM708082645,María,Gómez,Ramírez,1998-12-21,Femenino,Villavicencio,maría.gómez.2645@ejemplo.com
SIM779863265,Isabella,Ramírez,Pineda,1942-10-01,Femenino,Cali,isabella.ramírez.3265@ejemplo.com
SIM503935666,Noemí,Bravo,Díaz,1977-08-31,Femenino,Girón,noemí.bravo.5666@ejemplo.com
SIM434618074,Sara,Torres,Cruz,2004-09-26,Femenino,Santa Marta,sara.torres.8074@ejemplo.com
SIM191221925,Pilar,Salazar,Palacios,1944-09-19,Femenino,Cartagena,pilar.salazar.1925@ejemplo.com
SIM153432064,Paula,Guerra,Vega,2000-06-18,Femenino,Cali,paula.guerra.2064@ejemplo.com
SIM555282394,Margarita,Córdoba,Beltrán,1983-07-28,Femenino,Girón,margarita.córdoba.2394@ejemplo.com
SIM910614025,Patricia,Soto,Díaz,1985-12-18,Femenino,Barranquilla,patricia.soto.4025@ejemplo.com
SIM404133583,Manuela,Núñez,Pérez,2000-11-04,Femenino,Envigado,manuela.núñez.3583@ejemplo.com
SIM148766522,Inés,Beltrán,Navarro,1959-10-13,Femenino,Villavicencio,inés.beltrán.6522@ejemplo.com
SIM319497661,Fabiola,González,García,1967-01-15,Femenino,Pereira,fabiola.gonzález.7661@ejemplo.com
SIM374361983,Pilar,Sánchez,Guerra,1965-12-19,Femenino,Santa Marta,pilar.sánchez.1983@ejemplo.com
SIM902100304,Camila,García,Mejía,1978-08-20,Femenino,Bucaramanga,camila.garcía.0304@ejemplo.com
SIM855561271,Andrea,Jiménez,Ferrer,1960-08-23,Femenino,Pasto,andrea.jiménez.1271@ejemplo.com
SIM145421708,Isabella,Suárez,Pineda,1979-02-19,Femenino,Bogotá,isabella.suárez.1708@ejemplo.com
SIM718216692,Bianca,López,Ruiz,1978-07-06,Femenino,Villavicencio,bianca.lópez.6692@ejemplo.com
SIM410864588,Antonella,Ramos,Vélez,1950-05-02,Femenino,Villavicencio,antonella.ramos.4588@ejemplo.com
SIM960413104,Laura,Ruiz,Torres,1995-06-15,Femenino,Girón,laura.ruiz.3104@ejemplo.com
SIM568915703,Yamile,Cruz,Martínez,1949-06-30,Femenino,Manizales,yamile.cruz.5703@ejemplo.com
SIM662600500,Silvana,Álvarez,Suárez,1947-01-21,Femenino,Villavicencio,silvana.álvarez.0500@ejemplo.com
SIM337911187,Mónica,Pineda,Morales,1969-11-17,Femenino,Bucaramanga,mónica.pineda.1187@ejemplo.com
SIM222435172,Isabella,Rincón,Ramos,1987-08-08,Femenino,Pereira,isabella.rincón.5172@ejemplo.com
SIM979339361,Pilar,Ortiz,Valencia,1997-11-26,Femenino,Cartagena,pilar.ortiz.9361@ejemplo.com
SIM374843786,Ana,Hernández,Ramírez,1957-09-12,Femenino,Bucaramanga,ana.hernández.3786@ejemplo.com
SIM915133660,Fabiola,Ramírez,Guerra,1998-10-22,Femenino,Cali,fabiola.ramírez.3660@ejemplo.com
SIM630554118,Natalia,Marín,Ramos,1981-08-15,Femenino,Girón,natalia.marín.4118@ejemplo.com
SIM782146375,Nathalia,Salazar,Cano,1996-01-11,Femenino,Santa Marta,nathalia.salazar.6375@ejemplo.com
SIM572191734,Rosa,Ruiz,Ramírez,1946-02-15,Femenino,Envigado,rosa.ruiz.1734@ejemplo.com
SIM955052486,Renata,Ramos,Navarro,1964-08-22,Femenino,Medellín,renata.ramos.2486@ejemplo.com
SIM433297890,Manuela,Rincón,López,1981-06-04,Femenino,Girón,manuela.rincón.7890@ejemplo.com
SIM993027458,Catalina,González,Cruz,1965-10-02,Femenino,Cali,catalina.gonzález.7458@ejemplo.com
SIM737888347,Angélica,Martínez,Vega,1985-06-28,Femenino,Villavicencio,angélica.martínez.8347@ejemplo.com
SIM950207886,Bianca,Álvarez,Camacho,2006-04-16,Femenino,Medellín,bianca.álvarez.7886@ejemplo.com
SIM302120588,Renata,Salazar,Cano,1968-11-04,Femenino,Envigado,renata.salazar.0588@ejemplo.com
SIM583745511,Elena,Ramírez,González,1949-04-14,Femenino,Santa Marta,elena.ramírez.5511@ejemplo.com
SIM793773681,Antonella,Martínez,Rincón,1955-06-25,Femenino,Medellín,antonella.martínez.3681@ejemplo.com
SIM571825556,Ana,Montero,Córdoba,1987-01-06,Femenino,Bucaramanga,ana.montero.5556@ejemplo.com
SIM515985367,Jimena,Cruz,Silva,1976-09-02,Femenino,Santa Marta,jimena.cruz.5367@ejemplo.com
SIM947425963,Nathalia,Palacios,González,1996-08-06,Femenino,Santa Marta,nathalia.palacios.5963@ejemplo.com
SIM699108439,Isabella,Morales,Hernández,2000-11-10,Femenino,Villavicencio,isabella.morales.8439@ejemplo.com
SIM804980312,Lorena,Mendoza,Valencia,1994-01-26,Femenino,Cartagena,lorena.mendoza.0312@ejemplo.com
SIM812548074,Sara,Martínez,Álvarez,1952-09-08,Femenino,Pasto,sara.martínez.8074@ejemplo.com
SIM810962214,Mónica,Cano,Suárez,1975-03-01,Femenino,Cartagena,mónica.cano.2214@ejemplo.com
SIM432411019,Fabiola,Montero,Martínez,1990-02-21,Femenino,Villavicencio,fabiola.montero.1019@ejemplo.com
SIM819532005,Angélica,Morales,Sánchez,2003-01-20,Femenino,Cali,angélica.morales.2005@ejemplo.com
SIM645985356,Angélica,Beltrán,Núñez,1972-06-17,Femenino,Bogotá,angélica.beltrán.5356@ejemplo.com
SIM329987621,Jimena,Navarro,Gómez,1970-08-28,Femenino,Envigado,jimena.navarro.7621@ejemplo.com
SIM266371119,Juliana,Castro,Sánchez,1946-12-03,Femenino,Ibagué,juliana.castro.1119@ejemplo.com
SIM679574436,Lucía,Rincón,Marín,2006-04-07,Femenino,Medellín,lucía.rincón.4436@ejemplo.com
SIM763606238,Liliana,Morales,Marín,1951-10-04,Femenino,Villavicencio,liliana.morales.6238@ejemplo.com
SIM992649957,Daniela,Torres,Gómez,2002-02-27,Femenino,Bucaramanga,daniela.torres.9957@ejemplo.com
SIM541156077,Ariadna,Córdoba,Rodríguez,1972-09-06,Femenino,Manizales,ariadna.córdoba.6077@ejemplo.com
SIM907873857,Renata,Vega,Silva,2007-02-26,Femenino,Girón,renata.vega.3857@ejemplo.com
SIM432288618,Gabriela,Ferrer,Vargas,1982-01-28,Femenino,Pereira,gabriela.ferrer.8618@ejemplo.com
SIM573087862,Jimena,Herrera,Salazar,1981-06-02,Femenino,Ibagué,jimena.herrera.7862@ejemplo.com
SIM666355637,Pilar,Jiménez,Rincón,1977-07-23,Femenino,Bucaramanga,pilar.jiménez.5637@ejemplo.com
SIM368438908,Juliana,Palacios,Sánchez,1944-09-05,Femenino,Envigado,juliana.palacios.8908@ejemplo.com
SIM863860982,Jimena,Camacho,Hernández,1986-04-14,Femenino,Barranquilla,jimena.camacho.0982@ejemplo.com
SIM272134062,Lorena,Martínez,Guerra,1964-06-21,Femenino,Girón,lorena.martínez.4062@ejemplo.com
SIM198476695,Elena,Ramírez,Núñez,1959-12-02,Femenino,Girón,elena.ramírez.6695@ejemplo.com
SIM157184151,Manuela,Martínez,Vélez,1975-07-27,Femenino,Pasto,manuela.martínez.4151@ejemplo.com
SIM502559419,Ana,Jiménez,Martínez,1960-02-22,Femenino,Bogotá,ana.jiménez.9419@ejemplo.com
SIM797889971,Verónica,Hernández,Montero,1970-01-29,Femenino,Cartagena,verónica.hernández.9971@ejemplo.com
SIM990949719,Andrea,Rodríguez,Silva,1982-05-21,Femenino,Cartagena,andrea.rodríguez.9719@ejemplo.com
SIM581682167,Irene,Montero,León,1995-03-16,Femenino,Bogotá,irene.montero.2167@ejemplo.com
SIM331557515,Valentina,Martínez,Mendoza,1953-05-31,Femenino,Soacha,valentina.martínez.7515@ejemplo.com
SIM355164255,Camila,Marín,Silva,1967-01-07,Femenino,Barranquilla,camila.marín.4255@ejemplo.com
SIM786069196,Sofía,Vargas,Vélez,1995-11-16,Femenino,Girón,sofía.vargas.9196@ejemplo.com
SIM740743666,Isabella,Pérez,Mejía,1988-02-03,Femenino,Bogotá,isabella.pérez.3666@ejemplo.com
SIM359779090,Rosa,Rincón,Salazar,2004-06-18,Femenino,Cartagena,rosa.rincón.9090@ejemplo.com
SIM760146764,Lorena,Núñez,García,1971-08-27,Femenino,Manizales,lorena.núñez.6764@ejemplo.com
SIM813363254,Estefanía,Vélez,Gómez,1999-12-13,Femenino,Cali,estefanía.vélez.3254@ejemplo.com
SIM664852025,Inés,Cruz,López,1988-10-23,Femenino,Bogotá,inés.cruz.2025@ejemplo.com
SIM782546314,Adriana,León,Rodríguez,1974-09-16,Femenino,Pasto,adriana.león.6314@ejemplo.com
SIM483426624,Carolina,Pineda,Martínez,1946-01-22,Femenino,Pasto,carolina.pineda.6624@ejemplo.com
SIM774585778,Ana,Valencia,Beltrán,1949-04-19,Femenino,Santa Marta,ana.valencia.5778@ejemplo.com
SIM686277792,Andrea,Rodríguez,Ortiz,1970-05-16,Femenino,Bucaramanga,andrea.rodríguez.7792@ejemplo.com
SIM846668526,Pilar,Herrera,Pacheco,1982-12-06,Femenino,Bucaramanga,pilar.herrera.8526@ejemplo.com
SIM933428091,Andrea,López,Montero,1981-01-22,Femenino,Medellín,andrea.lópez.8091@ejemplo.com
SIM949447049,Lorena,Rojas,Rodríguez,1957-11-23,Femenino,Medellín,lorena.rojas.7049@ejemplo.com
SIM527589822,Verónica,Navarro,Rincón,1988-09-19,Femenino,Envigado,verónica.navarro.9822@ejemplo.com
SIM794604127,Carolina,Rodríguez,Guerra,1957-02-22,Femenino,Ibagué,carolina.rodríguez.4127@ejemplo.com
SIM804086195,Manuela,Marín,González,1969-10-11,Femenino,Cúcuta,manuela.marín.6195@ejemplo.com
SIM529520110,Camila,Cruz,Núñez,2006-09-07,Femenino,Girón,camila.cruz.0110@ejemplo.com
SIM632794158,Adriana,Morales,Gómez,2002-02-01,Femenino,Envigado,adriana.morales.4158@ejemplo.com
SIM960226208,Jimena,Bravo,Soto,1947-05-31,Femenino,Soacha,jimena.bravo.6208@ejemplo.com
SIM982982227,Valentina,Núñez,Palacios,1956-03-10,Femenino,Ibagué,valentina.núñez.2227@ejemplo.com
SIM452101316,Verónica,Hernández,Martínez,1999-04-18,Femenino,Ibagué,verónica.hernández.1316@ejemplo.com
SIM870584681,Mónica,Córdoba,Palacios,1978-03-24,Femenino,Bucaramanga,mónica.córdoba.4681@ejemplo.com
SIM580101819,Yamile,Córdoba,Ortiz,1943-10-19,Femenino,Pasto,yamile.córdoba.1819@ejemplo.com
SIM786624943,Olga,Núñez,Soto,1945-02-22,Femenino,Cali,olga.núñez.4943@ejemplo.com
SIM490102359,Liliana,Ramos,Suárez,1986-01-11,Femenino,Bucaramanga,liliana.ramos.2359@ejemplo.com
SIM828092377,Laura,Ramírez,Palacios,1979-04-24,Femenino,Medellín,laura.ramírez.2377@ejemplo.com
SIM935924516,Andrea,López,Vargas,1997-11-17,Femenino,Pasto,andrea.lópez.4516@ejemplo.com
SIM134773472,Jimena,Jiménez,Salazar,1994-04-14,Femenino,Cartagena,jimena.jiménez.3472@ejemplo.com
SIM499446327,Nathalia,Córdoba,Cruz,1979-10-30,Femenino,Cali,nathalia.córdoba.6327@ejemplo.com
SIM494009507,Estefanía,Sánchez,Bravo,1975-09-16,Femenino,Santa Marta,estefanía.sánchez.9507@ejemplo.com
SIM221814525,Angélica,Soto,Vargas,1942-04-29,Femenino,Bucaramanga,angélica.soto.4525@ejemplo.com
SIM703091482,Mariana,Bravo,Jiménez,1950-07-25,Femenino,Cúcuta,mariana.bravo.1482@ejemplo.com
SIM579182105,Pilar,Mendoza,Montero,1959-04-02,Femenino,Ibagué,pilar.mendoza.2105@ejemplo.com
SIM231680929,Yamile,Mejía,Rojas,1952-03-05,Femenino,Cali,yamile.mejía.0929@ejemplo.com
SIM577934499,Renata,Gómez,Montero,1947-11-16,Femenino,Santa Marta,renata.gómez.4499@ejemplo.com
SIM169727803,Liliana,Ortiz,Montero,1989-05-05,Femenino,Ibagué,liliana.ortiz.7803@ejemplo.com
SIM861888313,Mónica,Torres,Montero,2002-10-26,Femenino,Bucaramanga,mónica.torres.8313@ejemplo.com
SIM230311939,Jimena,Rincón,Castro,1958-01-11,Femenino,Cartagena,jimena.rincón.1939@ejemplo.com
SIM487509692,Ana,Mejía,Martínez,1989-09-14,Femenino,Pasto,ana.mejía.9692@ejemplo.com
SIM757074545,Bianca,Camacho,Sánchez,1947-09-26,Femenino,Cali,bianca.camacho.4545@ejemplo.com
SIM871880418,Mónica,Suárez,Montero,1982-12-10,Femenino,Soacha,mónica.suárez.0418@ejemplo.com
SIM179189225,Pilar,Vélez,Salazar,1951-03-30,Femenino,Santa Marta,pilar.vélez.9225@ejemplo.com
SIM600184588,Angélica,López,Córdoba,2001-01-05,Femenino,Pasto,angélica.lópez.4588@ejemplo.com
SIM786973497,Andrea,Marín,Camacho,1992-09-24,Femenino,Bucaramanga,andrea.marín.3497@ejemplo.com
SIM639945876,Pilar,Sánchez,Núñez,1944-12-20,Femenino,Barranquilla,pilar.sánchez.5876@ejemplo.com
SIM276799196,Inés,Ramírez,Navarro,1954-07-13,Femenino,Santa Marta,inés.ramírez.9196@ejemplo.com
SIM657162259,Antonella,Castro,Ortiz,1965-06-25,Femenino,Cali,antonella.castro.2259@ejemplo.com
SIM691461470,Carolina,Rojas,Ramos,1964-08-15,Femenino,Cartagena,carolina.rojas.1470@ejemplo.com
SIM672817675,Rosa,Navarro,Vega,1948-05-19,Femenino,Bucaramanga,rosa.navarro.7675@ejemplo.com
SIM283825267,Marisol,Álvarez,Ramírez,1999-02-05,Femenino,Santa Marta,marisol.álvarez.5267@ejemplo.com
SIM187212377,Estefanía,Rodríguez,Martínez,1944-01-29,Femenino,Cúcuta,estefanía.rodríguez.2377@ejemplo.com
SIM714327645,Angélica,Díaz,Marín,1977-05-16,Femenino,Bogotá,angélica.díaz.7645@ejemplo.com
SIM411032572,Mariana,Ramos,Ferrer,1997-08-03,Femenino,Ibagué,mariana.ramos.2572@ejemplo.com
SIM536038528,Luciana,Vargas,Herrera,1966-09-07,Femenino,Girón,luciana.vargas.8528@ejemplo.com
SIM269737590,Isabella,Suárez,González,1979-06-09,Femenino,Soacha,isabella.suárez.7590@ejemplo.com
SIM465278987,Luciana,Pacheco,Díaz,1994-06-05,Femenino,Cartagena,luciana.pacheco.8987@ejemplo.com
SIM888340979,Verónica,Montero,Ruiz,1970-12-26,Femenino,Villavicencio,verónica.montero.0979@ejemplo.com
SIM652955706,Andrea,Guerra,Cruz,1990-05-22,Femenino,Barranquilla,andrea.guerra.5706@ejemplo.com
SIM231556899,Verónica,Vargas,Pacheco,1963-12-30,Femenino,Girón,verónica.vargas.6899@ejemplo.com
SIM154337019,Ana,Ramírez,Hernández,1966-01-13,Femenino,Villavicencio,ana.ramírez.7019@ejemplo.com
SIM271476207,Olga,Vélez,Vargas,1969-05-17,Femenino,Santa Marta,olga.vélez.6207@ejemplo.com
SIM635008544,Juliana,Guerra,Torres,1986-03-06,Femenino,Girón,juliana.guerra.8544@ejemplo.com
SIM124885365,Mariana,Navarro,Mejía,1948-01-29,Femenino,Villavicencio,mariana.navarro.5365@ejemplo.com
SIM331009561,Elena,Pacheco,Vargas,1992-05-02,Femenino,Pasto,elena.pacheco.9561@ejemplo.com
SIM631388604,Sofía,González,Silva,1993-08-09,Femenino,Envigado,sofía.gonzález.8604@ejemplo.com
SIM215424112,Lorena,Ferrer,García,1978-08-29,Femenino,Cartagena,lorena.ferrer.4112@ejemplo.com
SIM920184955,Carolina,Valencia,Cruz,1976-03-05,Femenino,Pasto,carolina.valencia.4955@ejemplo.com
SIM712335251,Catalina,Suárez,González,1990-05-27,Femenino,Pereira,catalina.suárez.5251@ejemplo.com
SIM178954113,Jimena,Camacho,Silva,1974-08-29,Femenino,Girón,jimena.camacho.4113@ejemplo.com
SIM986171278,Irene,Camacho,Soto,1995-11-30,Femenino,Barranquilla,irene.camacho.1278@ejemplo.com
SIM500718660,Andrea,Hernández,Suárez,1970-06-03,Femenino,Pasto,andrea.hernández.8660@ejemplo.com
SIM746889670,Irene,Ramírez,Rojas,1985-09-03,Femenino,Villavicencio,irene.ramírez.9670@ejemplo.com
SIM866213410,Elena,Rodríguez,Sánchez,1969-11-17,Femenino,Envigado,elena.rodríguez.3410@ejemplo.com
SIM750967273,Inés,Pacheco,Ramírez,1986-04-01,Femenino,Cartagena,inés.pacheco.7273@ejemplo.com
SIM274485243,Verónica,Vega,Ruiz,1975-04-03,Femenino,Ibagué,verónica.vega.5243@ejemplo.com
SIM989368954,Marisol,Morales,Rincón,1985-09-23,Femenino,Envigado,marisol.morales.8954@ejemplo.com
SIM609912042,Antonella,Salazar,Navarro,1941-06-29,Femenino,Pasto,antonella.salazar.2042@ejemplo.com
SIM547256709,Sara,Herrera,Pérez,1992-05-13,Femenino,Ibagué,sara.herrera.6709@ejemplo.com
SIM128612164,Ariadna,Suárez,Ramos,1993-07-20,Femenino,Envigado,ariadna.suárez.2164@ejemplo.com
SIM721132087,Carolina,Cano,Marín,1991-10-27,Femenino,Manizales,carolina.cano.2087@ejemplo.com
SIM615877957,Ariadna,González,Álvarez,1955-04-19,Femenino,Villavicencio,ariadna.gonzález.7957@ejemplo.com
SIM133898577,Daniela,Herrera,Vargas,1991-05-14,Femenino,Barranquilla,daniela.herrera.8577@ejemplo.com
SIM436824737,Juliana,Martínez,Córdoba,1977-07-27,Femenino,Cartagena,juliana.martínez.4737@ejemplo.com
SIM540639384,Patricia,Suárez,Díaz,1985-01-07,Femenino,Envigado,patricia.suárez.9384@ejemplo.com
SIM857820386,Noemí,Valencia,González,1952-05-21,Femenino,Pereira,noemí.valencia.0386@ejemplo.com
SIM613646933,Victoria,Ruiz,Beltrán,1987-02-21,Femenino,Villavicencio,victoria.ruiz.6933@ejemplo.com
SIM672440825,Verónica,Gómez,Pacheco,1970-09-17,Femenino,Pasto,verónica.gómez.0825@ejemplo.com
SIM830945329,Nathalia,Marín,Valencia,1997-09-17,Femenino,Cúcuta,nathalia.marín.5329@ejemplo.com
SIM364697908,Olga,León,Rojas,1965-01-11,Femenino,Ibagué,olga.león.7908@ejemplo.com
SIM410315830,Gabriela,Navarro,Marín,2003-03-29,Femenino,Pereira,gabriela.navarro.5830@ejemplo.com
SIM440419907,Yamile,Montero,Mejía,1983-01-17,Femenino,Pasto,yamile.montero.9907@ejemplo.com
SIM409011489,Victoria,Valencia,Soto,1950-12-07,Femenino,Villavicencio,victoria.valencia.1489@ejemplo.com
SIM963949678,Diana,Ortiz,Marín,1953-02-20,Femenino,Ibagué,diana.ortiz.9678@ejemplo.com
SIM184857208,Catalina,Silva,Montero,1971-01-27,Femenino,Girón,catalina.silva.7208@ejemplo.com
SIM614407444,Angélica,Mendoza,Pineda,1959-03-13,Femenino,Pereira,angélica.mendoza.7444@ejemplo.com
SIM847508242,Clara,Soto,Camacho,1964-05-14,Femenino,Cartagena,clara.soto.8242@ejemplo.com
SIM730104453,Lucía,Vega,Pineda,1961-06-19,Femenino,Manizales,lucía.vega.4453@ejemplo.com
SIM342313086,Sofía,Beltrán,Bravo,1997-03-26,Femenino,Manizales,sofía.beltrán.3086@ejemplo.com
SIM454650074,Sofía,Hernández,Vélez,2004-05-10,Femenino,Envigado,sofía.hernández.0074@ejemplo.com
SIM247604106,Lucía,Herrera,Marín,1940-06-18,Femenino,Bucaramanga,lucía.herrera.4106@ejemplo.com
SIM612656440,Patricia,Cano,León,1998-05-12,Femenino,Pereira,patricia.cano.6440@ejemplo.com
SIM406462391,Irene,Silva,Ruiz,1997-12-11,Femenino,Medellín,irene.silva.2391@ejemplo.com
SIM716470999,Pilar,Martínez,Cano,1960-10-31,Femenino,Medellín,pilar.martínez.0999@ejemplo.com
SIM139019611,Natalia,Vélez,Gómez,1975-08-13,Femenino,Envigado,natalia.vélez.9611@ejemplo.com
SIM140229006,Natalia,Pineda,Silva,1940-10-30,Femenino,Ibagué,natalia.pineda.9006@ejemplo.com
SIM459748735,Estefanía,Palacios,Hernández,1965-07-12,Femenino,Girón,estefanía.palacios.8735@ejemplo.com
SIM630334421,Angélica,Ferrer,Bravo,1952-01-15,Femenino,Girón,angélica.ferrer.4421@ejemplo.com
SIM455069350,Margarita,Rojas,Pérez,1954-07-30,Femenino,Girón,margarita.rojas.9350@ejemplo.com
SIM299929730,Angélica,Mendoza,Montero,1941-04-06,Femenino,Santa Marta,angélica.mendoza.9730@ejemplo.com
SIM913126162,Lorena,Salazar,Herrera,1957-04-30,Femenino,Bucaramanga,lorena.salazar.6162@ejemplo.com
SIM987973565,Olga,Ramos,Suárez,1978-05-15,Femenino,Santa Marta,olga.ramos.3565@ejemplo.com
SIM202418976,Valentina,Suárez,Beltrán,1956-07-29,Femenino,Cartagena,valentina.suárez.8976@ejemplo.com
SIM107333788,Luciana,Ruiz,Vargas,1963-05-25,Femenino,Villavicencio,luciana.ruiz.3788@ejemplo.com
SIM386682971,Ana,Córdoba,Guerra,1969-07-28,Femenino,Ibagué,ana.córdoba.2971@ejemplo.com
SIM112279027,Marisol,Valencia,Salazar,1963-06-19,Femenino,Pasto,marisol.valencia.9027@ejemplo.com
SIM817029885,Yamile,Vargas,González,1950-08-09,Femenino,Girón,yamile.vargas.9885@ejemplo.com
SIM836665942,Mónica,Torres,Suárez,1985-01-30,Femenino,Ibagué,mónica.torres.5942@ejemplo.com
SIM416794215,Yamile,Pérez,Ramos,1972-12-21,Femenino,Manizales,yamile.pérez.4215@ejemplo.com
SIM264481748,Gabriela,Sánchez,León,1980-10-25,Femenino,Pasto,gabriela.sánchez.1748@ejemplo.com
SIM605547798,Patricia,Suárez,Camacho,2007-12-11,Femenino,Pereira,patricia.suárez.7798@ejemplo.com
SIM910395417,Irene,Vargas,Herrera,1993-06-14,Femenino,Cali,irene.vargas.5417@ejemplo.com
SIM855663125,Inés,Córdoba,Bravo,1972-06-15,Femenino,Cali,inés.córdoba.3125@ejemplo.com
SIM989889367,Estefanía,Pérez,González,1989-02-17,Femenino,Pereira,estefanía.pérez.9367@ejemplo.com
SIM276670424,Estefanía,Ferrer,Ramírez,1969-06-08,Femenino,Girón,estefanía.ferrer.0424@ejemplo.com
SIM869784803,Camila,Herrera,Díaz,1992-04-25,Femenino,Envigado,camila.herrera.4803@ejemplo.com
SIM968326513,Valentina,Rincón,Córdoba,1944-12-28,Femenino,Girón,valentina.rincón.6513@ejemplo.com
SIM590483627,Andrea,Rincón,Vélez,1990-08-04,Femenino,Medellín,andrea.rincón.3627@ejemplo.com
SIM966418765,Victoria,Pacheco,Herrera,1967-08-25,Femenino,Bogotá,victoria.pacheco.8765@ejemplo.com
SIM900801470,Diana,Mendoza,García,1959-07-20,Femenino,Cali,diana.mendoza.1470@ejemplo.com
SIM852032540,Catalina,Núñez,Ortiz,1945-09-20,Femenino,Medellín,catalina.núñez.2540@ejemplo.com
SIM408261300,Isabella,León,Rodríguez,1976-09-05,Femenino,Bucaramanga,isabella.león.1300@ejemplo.com
SIM788832222,Pilar,Sánchez,Marín,2005-06-05,Femenino,Soacha,pilar.sánchez.2222@ejemplo.com
SIM505333621,Jimena,Jiménez,Córdoba,1973-09-13,Femenino,Cali,jimena.jiménez.3621@ejemplo.com
SIM242796714,Nathalia,Beltrán,Ferrer,1998-08-19,Femenino,Pasto,nathalia.beltrán.6714@ejemplo.com
SIM522043490,Camila,Gómez,Ferrer,1987-06-12,Femenino,Cartagena,camila.gómez.3490@ejemplo.com
SIM911941471,Ariadna,Castro,García,1942-01-14,Femenino,Ibagué,ariadna.castro.1471@ejemplo.com
SIM684593732,Bianca,Herrera,Valencia,1978-01-18,Femenino,Villavicencio,bianca.herrera.3732@ejemplo.com
SIM471686188,Gabriela,Vargas,Pacheco,1953-12-01,Femenino,Cúcuta,gabriela.vargas.6188@ejemplo.com
SIM221166014,Juliana,Valencia,Guerra,1942-11-21,Femenino,Soacha,juliana.valencia.6014@ejemplo.com
SIM358413465,Olga,Marín,Martínez,1958-06-27,Femenino,Cali,olga.marín.3465@ejemplo.com
SIM579362443,Lucía,Palacios,Rodríguez,1993-08-18,Femenino,Medellín,lucía.palacios.2443@ejemplo.com
SIM531929128,Ana,Pineda,Rodríguez,1979-05-19,Femenino,Manizales,ana.pineda.9128@ejemplo.com
SIM933291969,Clara,Díaz,Guerra,1945-01-23,Femenino,Cartagena,clara.díaz.1969@ejemplo.com
SIM975943821,Elena,Silva,Castro,2005-08-17,Femenino,Santa Marta,elena.silva.3821@ejemplo.com
SIM822125631,Estefanía,Palacios,Marín,1968-10-07,Femenino,Manizales,estefanía.palacios.5631@ejemplo.com
SIM659689063,Mónica,Ramírez,Beltrán,1959-10-31,Femenino,Soacha,mónica.ramírez.9063@ejemplo.com
SIM697771523,Mónica,Soto,González,1993-01-29,Femenino,Bucaramanga,mónica.soto.1523@ejemplo.com
SIM696840109,Rosa,Herrera,Núñez,1984-06-18,Femenino,Medellín,rosa.herrera.0109@ejemplo.com
SIM509261668,Manuela,Cano,Beltrán,1987-01-19,Femenino,Santa Marta,manuela.cano.1668@ejemplo.com
SIM422002819,Yamile,Vélez,Ramírez,1973-10-09,Femenino,Bucaramanga,yamile.vélez.2819@ejemplo.com
SIM358737619,Irene,Ferrer,León,1960-03-20,Femenino,Ibagué,irene.ferrer.7619@ejemplo.com
SIM161873231,Antonella,Ramírez,Pacheco,1990-06-15,Femenino,Soacha,antonella.ramírez.3231@ejemplo.com
SIM243980993,Patricia,Camacho,Bravo,1974-11-05,Femenino,Manizales,patricia.camacho.0993@ejemplo.com
SIM794395127,Carolina,Díaz,Morales,1947-02-03,Femenino,Girón,carolina.díaz.5127@ejemplo.com
SIM878016905,Jimena,Martínez,Ferrer,1957-02-01,Femenino,Medellín,jimena.martínez.6905@ejemplo.com
SIM749580994,Margarita,Jiménez,Herrera,1994-02-02,Femenino,Medellín,margarita.jiménez.0994@ejemplo.com
SIM730913181,Isabella,Rojas,Guerra,2004-12-24,Femenino,Pereira,isabella.rojas.3181@ejemplo.com
SIM425545658,Luciana,Díaz,Morales,1941-05-17,Femenino,Pereira,luciana.díaz.5658@ejemplo.com
SIM901955461,Juliana,Pineda,Pérez,2007-09-03,Femenino,Envigado,juliana.pineda.5461@ejemplo.com
SIM855665764,Ana,Suárez,Palacios,1958-05-07,Femenino,Villavicencio,ana.suárez.5764@ejemplo.com
SIM932701695,Ana,Camacho,Ruiz,1965-05-24,Femenino,Villavicencio,ana.camacho.1695@ejemplo.com
SIM485752015,Bianca,Ferrer,Cano,1967-09-02,Femenino,Cúcuta,bianca.ferrer.2015@ejemplo.com
SIM600368062,Jimena,Rincón,Mejía,1948-11-05,Femenino,Envigado,jimena.rincón.8062@ejemplo.com
SIM498041381,Irene,Ruiz,Díaz,1968-01-27,Femenino,Soacha,irene.ruiz.1381@ejemplo.com
SIM895913682,Catalina,Salazar,Castro,1953-02-02,Femenino,Bogotá,catalina.salazar.3682@ejemplo.com
SIM721849977,Carolina,Camacho,Álvarez,2004-08-05,Femenino,Soacha,carolina.camacho.9977@ejemplo.com
SIM454190155,Lorena,Ramírez,Rojas,1960-08-20,Femenino,Villavicencio,lorena.ramírez.0155@ejemplo.com
SIM691247918,Estefanía,Vargas,Mejía,1998-09-23,Femenino,Santa Marta,estefanía.vargas.7918@ejemplo.com
SIM876914430,Carolina,Guerra,Mejía,1997-07-27,Femenino,Envigado,carolina.guerra.4430@ejemplo.com
SIM953598460,Bianca,Torres,Valencia,1971-08-06,Femenino,Bucaramanga,bianca.torres.8460@ejemplo.com
SIM624325659,Andrea,Valencia,Ferrer,1956-07-05,Femenino,Medellín,andrea.valencia.5659@ejemplo.com
SIM978316418,Inés,Rodríguez,López,1999-12-13,Femenino,Medellín,inés.rodríguez.6418@ejemplo.com
SIM247630403,Irene,García,Vélez,1996-07-31,Femenino,Manizales,irene.garcía.0403@ejemplo.com
SIM109815572,Isabella,Montero,Ramírez,1959-08-16,Femenino,Girón,isabella.montero.5572@ejemplo.com
SIM784755860,Jimena,González,Vega,1999-10-26,Femenino,Envigado,jimena.gonzález.5860@ejemplo.com
SIM107099962,Liliana,Mejía,Martínez,1987-09-30,Femenino,Soacha,liliana.mejía.9962@ejemplo.com
SIM875448533,María,Martínez,Bravo,1964-08-24,Femenino,Ibagué,maría.martínez.8533@ejemplo.com
SIM823737375,Laura,Rincón,Suárez,1978-08-18,Femenino,Bucaramanga,laura.rincón.7375@ejemplo.com
SIM259877461,Lucía,Hernández,Bravo,1961-08-14,Femenino,Pereira,lucía.hernández.7461@ejemplo.com
SIM975329786,Olga,Bravo,Mendoza,1971-10-19,Femenino,Cúcuta,olga.bravo.9786@ejemplo.com
SIM535968611,Diana,Martínez,Cruz,1981-03-06,Femenino,Manizales,diana.martínez.8611@ejemplo.com
SIM834484102,Yamile,Castro,Navarro,1947-03-26,Femenino,Medellín,yamile.castro.4102@ejemplo.com
SIM504982743,Valentina,Suárez,Jiménez,1989-08-01,Femenino,Envigado,valentina.suárez.2743@ejemplo.com
SIM854674236,Sofía,Ramos,García,1955-05-17,Femenino,Cali,sofía.ramos.4236@ejemplo.com
SIM942217648,Mariana,Núñez,Cano,1969-09-20,Femenino,Barranquilla,mariana.núñez.7648@ejemplo.com
SIM327007332,Inés,Rodríguez,Castro,2002-02-08,Femenino,Envigado,inés.rodríguez.7332@ejemplo.com
SIM834899763,Margarita,Rodríguez,López,1965-02-25,Femenino,Medellín,margarita.rodríguez.9763@ejemplo.com
SIM322434334,Natalia,Ruiz,Martínez,1992-08-30,Femenino,Cartagena,natalia.ruiz.4334@ejemplo.com
SIM182611003,Irene,Montero,Suárez,1966-11-06,Femenino,Bucaramanga,irene.montero.1003@ejemplo.com
SIM996199211,Estefanía,Vargas,Salazar,1974-11-29,Femenino,Santa Marta,estefanía.vargas.9211@ejemplo.com
SIM250270803,Adriana,Guerra,Pineda,2001-11-03,Femenino,Cali,adriana.guerra.0803@ejemplo.com
SIM157656107,Elena,Pineda,Ortiz,1948-10-05,Femenino,Soacha,elena.pineda.6107@ejemplo.com
SIM749794986,Gabriela,López,Morales,1995-01-27,Femenino,Villavicencio,gabriela.lópez.4986@ejemplo.com
SIM780884334,Pilar,Ruiz,Martínez,1964-07-09,Femenino,Girón,pilar.ruiz.4334@ejemplo.com
SIM693819730,Mariana,Castro,Ortiz,1973-09-05,Femenino,Soacha,mariana.castro.9730@ejemplo.com
SIM809391059,Natalia,Herrera,Álvarez,1974-02-05,Femenino,Cali,natalia.herrera.1059@ejemplo.com
SIM956905222,Pilar,Vega,Silva,1962-02-09,Femenino,Cali,pilar.vega.5222@ejemplo.com
SIM508021882,Valentina,Soto,Ramírez,2003-11-06,Femenino,Cartagena,valentina.soto.1882@ejemplo.com
SIM487298927,Noemí,Jiménez,Ruiz,1949-07-23,Femenino,Cali,noemí.jiménez.8927@ejemplo.com
SIM486458467,María,Navarro,Córdoba,1964-03-14,Femenino,Barranquilla,maría.navarro.8467@ejemplo.com
SIM562760731,Andrea,Martínez,Gómez,1980-04-07,Femenino,Soacha,andrea.martínez.0731@ejemplo.com
SIM695088987,Lucía,Martínez,Ortiz,1948-05-07,Femenino,Santa Marta,lucía.martínez.8987@ejemplo.com
SIM544325176,Adriana,García,Silva,1974-10-16,Femenino,Cali,adriana.garcía.5176@ejemplo.com
SIM714137833,Ariadna,Camacho,Vargas,1986-10-01,Femenino,Bucaramanga,ariadna.camacho.7833@ejemplo.com
SIM249078381,Nathalia,Jiménez,Torres,1964-02-15,Femenino,Ibagué,nathalia.jiménez.8381@ejemplo.com
SIM167932588,Margarita,Mejía,Ramírez,1955-01-01,Femenino,Soacha,margarita.mejía.2588@ejemplo.com
SIM619939412,Margarita,Vélez,Navarro,1946-11-25,Femenino,Pasto,margarita.vélez.9412@ejemplo.com
SIM771124810,Carolina,Vargas,Valencia,1984-06-24,Femenino,Pereira,carolina.vargas.4810@ejemplo.com
SIM427124037,Bianca,Hernández,Sánchez,1940-08-09,Femenino,Villavicencio,bianca.hernández.4037@ejemplo.com
SIM963370520,Sara,Vega,Jiménez,1969-07-25,Femenino,Girón,sara.vega.0520@ejemplo.com
SIM738224541,Sara,Núñez,Cano,1952-03-18,Femenino,Ibagué,sara.núñez.4541@ejemplo.com
SIM315662642,Verónica,Palacios,Suárez,1982-12-22,Femenino,Santa Marta,verónica.palacios.2642@ejemplo.com
SIM412940071,Natalia,Suárez,Ruiz,2005-12-05,Femenino,Envigado,natalia.suárez.0071@ejemplo.com
SIM503786306,Estefanía,Vargas,Ruiz,1965-02-22,Femenino,Villavicencio,estefanía.vargas.6306@ejemplo.com
SIM314533665,Jimena,Pérez,Salazar,1993-02-17,Femenino,Bucaramanga,jimena.pérez.3665@ejemplo.com
SIM128900946,Nathalia,Marín,Camacho,2005-03-29,Femenino,Girón,nathalia.marín.0946@ejemplo.com
SIM956508307,Antonella,Díaz,Córdoba,1966-02-19,Femenino,Cali,antonella.díaz.8307@ejemplo.com
SIM249442440,Patricia,Herrera,Mejía,1996-10-26,Femenino,Ibagué,patricia.herrera.2440@ejemplo.com
SIM265510032,Ana,Mendoza,Beltrán,2004-03-01,Femenino,Soacha,ana.mendoza.0032@ejemplo.com
SIM742026586,Adriana,López,Córdoba,1982-12-29,Femenino,Villavicencio,adriana.lópez.6586@ejemplo.com
SIM549146950,Clara,Rincón,Suárez,1988-10-09,Femenino,Medellín,clara.rincón.6950@ejemplo.com
SIM737609304,Jimena,Suárez,Ferrer,1997-04-02,Femenino,Cali,jimena.suárez.9304@ejemplo.com
SIM806094391,Lucía,Marín,Vargas,1999-08-19,Femenino,Pasto,lucía.marín.4391@ejemplo.com
SIM147563208,Paula,Cano,Vega,1990-07-12,Femenino,Villavicencio,paula.cano.3208@ejemplo.com
SIM213757100,Irene,Morales,Núñez,1940-12-11,Femenino,Barranquilla,irene.morales.7100@ejemplo.com
SIM901927335,Carolina,Castro,Rincón,1986-07-17,Femenino,Manizales,carolina.castro.7335@ejemplo.com
SIM597210335,Renata,Cruz,Suárez,2000-12-18,Femenino,Cartagena,renata.cruz.0335@ejemplo.com
SIM212259020,Manuela,Martínez,León,1966-07-03,Femenino,Soacha,manuela.martínez.9020@ejemplo.com
SIM252122560,Valentina,Pérez,Valencia,1971-04-02,Femenino,Ibagué,valentina.pérez.2560@ejemplo.com
SIM659542785,Sara,Pacheco,Díaz,1983-04-29,Femenino,Pasto,sara.pacheco.2785@ejemplo.com
SIM875235090,Luciana,Hernández,Córdoba,2002-07-05,Femenino,Girón,luciana.hernández.5090@ejemplo.com
SIM147978060,Verónica,López,Navarro,2003-10-07,Femenino,Barranquilla,verónica.lópez.8060@ejemplo.com
SIM217427280,Laura,Morales,Cano,2000-09-30,Femenino,Bucaramanga,laura.morales.7280@ejemplo.com
SIM287317728,Noemí,Vargas,Bravo,1989-07-06,Femenino,Bucaramanga,noemí.vargas.7728@ejemplo.com
SIM596126873,Sara,Camacho,Núñez,1960-10-19,Femenino,Villavicencio,sara.camacho.6873@ejemplo.com
SIM805778992,Rosa,Gómez,Ramos,1978-10-08,Femenino,Villavicencio,rosa.gómez.8992@ejemplo.com
SIM311875497,Laura,Pineda,Vega,1980-05-01,Femenino,Soacha,laura.pineda.5497@ejemplo.com
SIM330635563,Adriana,García,Montero,1958-06-18,Femenino,Cúcuta,adriana.garcía.5563@ejemplo.com
SIM719922596,Irene,Montero,López,1949-02-16,Femenino,Bucaramanga,irene.montero.2596@ejemplo.com
SIM591291025,Jimena,Ruiz,Rojas,1950-03-23,Femenino,Cúcuta,jimena.ruiz.1025@ejemplo.com
SIM786237617,Liliana,Mejía,Bravo,1968-02-12,Femenino,Villavicencio,liliana.mejía.7617@ejemplo.com
SIM222655758,Olga,Suárez,Álvarez,1971-03-19,Femenino,Pasto,olga.suárez.5758@ejemplo.com
SIM973744799,Bianca,Vega,Gómez,2000-06-06,Femenino,Ibagué,bianca.vega.4799@ejemplo.com
SIM821672704,Olga,Álvarez,Martínez,1952-01-07,Femenino,Santa Marta,olga.álvarez.2704@ejemplo.com
SIM225572934,Camila,Vargas,Navarro,1956-06-03,Femenino,Pasto,camila.vargas.2934@ejemplo.com
SIM517109257,Yamile,Ramírez,Rincón,1977-07-09,Femenino,Cartagena,yamile.ramírez.9257@ejemplo.com
SIM299451515,Estefanía,Jiménez,Núñez,1983-08-30,Femenino,Bucaramanga,estefanía.jiménez.1515@ejemplo.com
SIM410133983,Victoria,Torres,Mejía,1952-08-02,Femenino,Bucaramanga,victoria.torres.3983@ejemplo.com
SIM157564650,Verónica,Córdoba,Vega,1972-03-17,Femenino,Bogotá,verónica.córdoba.4650@ejemplo.com
SIM975331448,Mariana,Sánchez,Rojas,1974-06-12,Femenino,Envigado,mariana.sánchez.1448@ejemplo.com
SIM546279777,Patricia,Herrera,Mejía,2003-09-16,Femenino,Girón,patricia.herrera.9777@ejemplo.com
SIM707091264,Mariana,Torres,Martínez,1942-10-08,Femenino,Manizales,mariana.torres.1264@ejemplo.com
SIM341423782,Lorena,Rodríguez,Soto,1988-03-25,Femenino,Ibagué,lorena.rodríguez.3782@ejemplo.com
SIM707362554,Paula,Marín,Pacheco,2006-08-12,Femenino,Envigado,paula.marín.2554@ejemplo.com
SIM714947037,Victoria,Rincón,Pérez,1950-03-31,Femenino,Cúcuta,victoria.rincón.7037@ejemplo.com
SIM682014641,Pilar,Ferrer,Cruz,2007-11-23,Femenino,Medellín,pilar.ferrer.4641@ejemplo.com
SIM686642360,Irene,Valencia,Córdoba,1959-08-10,Femenino,Soacha,irene.valencia.2360@ejemplo.com
SIM906751081,Lucía,Pineda,Cano,1962-03-17,Femenino,Ibagué,lucía.pineda.1081@ejemplo.com
SIM474281674,Catalina,Córdoba,Mendoza,1947-10-21,Femenino,Girón,catalina.córdoba.1674@ejemplo.com
SIM325354965,Camila,Marín,Vargas,2006-03-05,Femenino,Pasto,camila.marín.4965@ejemplo.com
SIM559740884,Antonella,Vega,Ramos,1954-11-21,Femenino,Cartagena,antonella.vega.0884@ejemplo.com
SIM712112671,Alejandra,Díaz,González,1971-06-22,Femenino,Cúcuta,alejandra.díaz.2671@ejemplo.com
SIM447520416,Fabiola,Ferrer,Torres,2003-03-01,Femenino,Ibagué,fabiola.ferrer.0416@ejemplo.com
SIM652348887,Lorena,Salazar,Soto,2000-12-10,Femenino,Barranquilla,lorena.salazar.8887@ejemplo.com
SIM163657733,Andrea,Guerra,Vélez,1964-11-17,Femenino,Cartagena,andrea.guerra.7733@ejemplo.com
SIM257027702,Yamile,Sánchez,Vargas,2003-10-27,Femenino,Santa Marta,yamile.sánchez.7702@ejemplo.com
SIM521659217,Ana,Guerra,Herrera,1983-11-29,Femenino,Cartagena,ana.guerra.9217@ejemplo.com
SIM774108885,Estefanía,Ramos,Soto,1977-02-28,Femenino,Villavicencio,estefanía.ramos.8885@ejemplo.com
SIM953193777,Renata,López,Ramos,1948-05-08,Femenino,Villavicencio,renata.lópez.3777@ejemplo.com
SIM845932321,Elena,Pineda,Soto,1973-02-09,Femenino,Girón,elena.pineda.2321@ejemplo.com
SIM102655449,Mariana,Ruiz,Álvarez,2005-09-25,Femenino,Cali,mariana.ruiz.5449@ejemplo.com
SIM813118992,Ariadna,Pacheco,Ramos,2002-07-22,Femenino,Pasto,ariadna.pacheco.8992@ejemplo.com
SIM333893106,Isabella,Ferrer,Suárez,1978-07-18,Femenino,Pereira,isabella.ferrer.3106@ejemplo.com
SIM989427187,Mariana,Soto,Ruiz,1965-06-10,Femenino,Santa Marta,mariana.soto.7187@ejemplo.com
SIM707890457,Victoria,Salazar,Sánchez,1983-07-17,Femenino,Santa Marta,victoria.salazar.0457@ejemplo.com
SIM149330844,Nathalia,Guerra,González,1948-12-06,Femenino,Girón,nathalia.guerra.0844@ejemplo.com
SIM573827182,Laura,Pérez,Torres,1980-12-15,Femenino,Bogotá,laura.pérez.7182@ejemplo.com
SIM241640592,Silvana,Rojas,Suárez,1998-04-25,Femenino,Ibagué,silvana.rojas.0592@ejemplo.com
SIM802858478,Paula,Soto,Martínez,1972-05-02,Femenino,Cúcuta,paula.soto.8478@ejemplo.com
SIM796763109,Valentina,Cruz,Beltrán,1954-11-06,Femenino,Medellín,valentina.cruz.3109@ejemplo.com
SIM879524067,Diana,Ramos,Navarro,2002-10-01,Femenino,Manizales,diana.ramos.4067@ejemplo.com
SIM855590022,Silvana,Cano,Martínez,1948-07-15,Femenino,Bogotá,silvana.cano.0022@ejemplo.com
SIM242485313,Alejandra,León,López,1993-04-05,Femenino,Manizales,alejandra.león.5313@ejemplo.com
SIM109971784,Inés,Herrera,Córdoba,1940-09-21,Femenino,Santa Marta,inés.herrera.1784@ejemplo.com
SIM241921987,Camila,Núñez,Suárez,1982-11-09,Femenino,Cali,camila.núñez.1987@ejemplo.com
SIM884651200,Gabriela,Jiménez,Martínez,1949-03-10,Femenino,Barranquilla,gabriela.jiménez.1200@ejemplo.com
SIM247241457,Verónica,Cruz,Navarro,1974-05-03,Femenino,Cartagena,verónica.cruz.1457@ejemplo.com
SIM173456403,Angélica,Herrera,Ramírez,1987-08-05,Femenino,Bogotá,angélica.herrera.6403@ejemplo.com
SIM572553155,Olga,Cano,Torres,1971-07-04,Femenino,Pereira,olga.cano.3155@ejemplo.com
SIM542070132,Rosa,Pineda,Ramírez,1995-04-09,Femenino,Girón,rosa.pineda.0132@ejemplo.com
SIM250337960,Alejandra,Martínez,Hernández,2007-07-04,Femenino,Barranquilla,alejandra.martínez.7960@ejemplo.com
SIM477458516,Marisol,Valencia,Jiménez,1978-07-10,Femenino,Santa Marta,marisol.valencia.8516@ejemplo.com
SIM792156071,Andrea,Vargas,Soto,1947-07-23,Femenino,Manizales,andrea.vargas.6071@ejemplo.com
SIM752398123,Victoria,Palacios,Valencia,1965-07-24,Femenino,Bogotá,victoria.palacios.8123@ejemplo.com
SIM655928892,Liliana,Navarro,Díaz,1994-06-13,Femenino,Pereira,liliana.navarro.8892@ejemplo.com
SIM793819512,Noemí,Suárez,Silva,1944-11-23,Femenino,Manizales,noemí.suárez.9512@ejemplo.com
SIM358859561,Mariana,Jiménez,Pérez,1984-10-26,Femenino,Cali,mariana.jiménez.9561@ejemplo.com
SIM439809925,Inés,García,Cruz,1951-11-03,Femenino,Villavicencio,inés.garcía.9925@ejemplo.com
SIM686645526,Estefanía,Vélez,Cruz,2001-04-08,Femenino,Bucaramanga,estefanía.vélez.5526@ejemplo.com
SIM178374393,Irene,León,Marín,1941-06-30,Femenino,Cali,irene.león.4393@ejemplo.com
SIM142763764,María,Mendoza,Díaz,1945-06-04,Femenino,Villavicencio,maría.mendoza.3764@ejemplo.com
SIM865179645,Elena,Silva,Ramos,1984-12-13,Femenino,Soacha,elena.silva.9645@ejemplo.com
SIM787771674,Silvana,Suárez,Martínez,1988-02-20,Femenino,Cartagena,silvana.suárez.1674@ejemplo.com
SIM184848753,Margarita,Martínez,Navarro,1985-11-14,Femenino,Pereira,margarita.martínez.8753@ejemplo.com
SIM519544755,Daniela,Ferrer,Ruiz,1992-08-11,Femenino,Cali,daniela.ferrer.4755@ejemplo.com
SIM883786839,Mónica,Suárez,Núñez,1961-05-29,Femenino,Medellín,mónica.suárez.6839@ejemplo.com
SIM224539647,Ana,Martínez,Núñez,1980-09-03,Femenino,Medellín,ana.martínez.9647@ejemplo.com
SIM806578337,Mónica,Beltrán,Pineda,2006-06-12,Femenino,Bucaramanga,mónica.beltrán.8337@ejemplo.com
SIM247330045,Camila,García,Montero,2002-12-07,Femenino,Bogotá,camila.garcía.0045@ejemplo.com
SIM661572729,Paula,Mejía,Ortiz,1986-05-27,Femenino,Cúcuta,paula.mejía.2729@ejemplo.com
SIM905066256,Paula,Cruz,Sánchez,1964-02-10,Femenino,Barranquilla,paula.cruz.6256@ejemplo.com
SIM966625455,Pilar,Martínez,Morales,1978-07-08,Femenino,Cúcuta,pilar.martínez.5455@ejemplo.com
SIM864851260,Inés,López,Mendoza,1991-09-25,Femenino,Cali,inés.lópez.1260@ejemplo.com
SIM486680089,Mariana,Pacheco,Rincón,1944-12-21,Femenino,Envigado,mariana.pacheco.0089@ejemplo.com
SIM268910304,Estefanía,Torres,Cruz,1962-11-20,Femenino,Barranquilla,estefanía.torres.0304@ejemplo.com
SIM223838514,Estefanía,Herrera,Valencia,1960-06-28,Femenino,Bogotá,estefanía.herrera.8514@ejemplo.com
SIM149372289,Catalina,García,Vargas,1982-04-28,Femenino,Pasto,catalina.garcía.2289@ejemplo.com
SIM137971349,Adriana,Ramírez,Gómez,1989-08-07,Femenino,Soacha,adriana.ramírez.1349@ejemplo.com
SIM546952114,Gabriela,Ruiz,Vargas,2004-08-14,Femenino,Santa Marta,gabriela.ruiz.2114@ejemplo.com
SIM500299721,Margarita,López,Salazar,1950-09-17,Femenino,Medellín,margarita.lópez.9721@ejemplo.com
SIM149315449,Natalia,Castro,Bravo,1975-12-20,Femenino,Cali,natalia.castro.5449@ejemplo.com
SIM433609196,Bianca,Silva,Marín,1969-05-12,Femenino,Cali,bianca.silva.9196@ejemplo.com
SIM496124146,Victoria,Pacheco,García,1958-01-01,Femenino,Ibagué,victoria.pacheco.4146@ejemplo.com
SIM768637849,Estefanía,Navarro,Pineda,1961-10-05,Femenino,Girón,estefanía.navarro.7849@ejemplo.com
SIM929587172,Jimena,Álvarez,Mejía,1957-07-13,Femenino,Manizales,jimena.álvarez.7172@ejemplo.com
SIM125673445,Daniela,García,Vélez,1960-11-25,Femenino,Pasto,daniela.garcía.3445@ejemplo.com
SIM459722166,Rosa,Suárez,García,1940-02-17,Femenino,Villavicencio,rosa.suárez.2166@ejemplo.com
SIM211614410,Noemí,Valencia,Navarro,1958-05-29,Femenino,Manizales,noemí.valencia.4410@ejemplo.com
SIM252872361,Patricia,Mejía,González,2003-11-05,Femenino,Cúcuta,patricia.mejía.2361@ejemplo.com
SIM658087211,Valentina,Rodríguez,Castro,1977-01-21,Femenino,Pasto,valentina.rodríguez.7211@ejemplo.com
SIM723597716,Bianca,Pineda,Martínez,1948-07-28,Femenino,Cartagena,bianca.pineda.7716@ejemplo.com
SIM735543236,Rosa,Suárez,López,1990-12-10,Femenino,Medellín,rosa.suárez.3236@ejemplo.com
SIM354231714,Silvana,Beltrán,Sánchez,1966-03-02,Femenino,Cúcuta,silvana.beltrán.1714@ejemplo.com
SIM450309958,Verónica,Suárez,Pineda,1968-07-14,Femenino,Girón,verónica.suárez.9958@ejemplo.com
SIM317661025,Margarita,Castro,López,1952-03-18,Femenino,Barranquilla,margarita.castro.1025@ejemplo.com
SIM582718617,Daniela,Hernández,Torres,1981-10-23,Femenino,Santa Marta,daniela.hernández.8617@ejemplo.com
SIM484708210,Patricia,Pérez,Ferrer,1958-08-17,Femenino,Girón,patricia.pérez.8210@ejemplo.com
SIM228756206,Mónica,Pacheco,Mendoza,1948-02-10,Femenino,Bucaramanga,mónica.pacheco.6206@ejemplo.com
SIM848267035,Nathalia,Navarro,Montero,1994-02-15,Femenino,Medellín,nathalia.navarro.7035@ejemplo.com
SIM197939109,Alejandra,Ruiz,Ramírez,2003-10-20,Femenino,Manizales,alejandra.ruiz.9109@ejemplo.com
SIM152560325,Manuela,Suárez,Rincón,2000-10-01,Femenino,Ibagué,manuela.suárez.0325@ejemplo.com
SIM534212844,Carolina,Gómez,Martínez,1980-07-26,Femenino,Manizales,carolina.gómez.2844@ejemplo.com
SIM963177562,Lucía,Pacheco,Hernández,1952-07-16,Femenino,Barranquilla,lucía.pacheco.7562@ejemplo.com
SIM338680070,María,González,Marín,1951-09-23,Femenino,Pereira,maría.gonzález.0070@ejemplo.com
SIM776776838,Diana,Cruz,Herrera,1997-11-02,Femenino,Cali,diana.cruz.6838@ejemplo.com
SIM972680546,Marisol,Álvarez,Mendoza,1946-09-23,Femenino,Bogotá,marisol.álvarez.0546@ejemplo.com
SIM576130756,Isabella,Rojas,Cano,1951-07-22,Femenino,Cali,isabella.rojas.0756@ejemplo.com
SIM594989531,Sara,Pérez,Rodríguez,1944-07-17,Femenino,Bucaramanga,sara.pérez.9531@ejemplo.com
SIM524126612,Estefanía,Núñez,Valencia,1984-07-05,Femenino,Bogotá,estefanía.núñez.6612@ejemplo.com
SIM285550328,Adriana,Herrera,Núñez,1971-10-03,Femenino,Pereira,adriana.herrera.0328@ejemplo.com
SIM259591761,Natalia,Soto,Córdoba,1943-02-09,Femenino,Manizales,natalia.soto.1761@ejemplo.com
SIM542373256,Angélica,Silva,Mejía,1989-05-27,Femenino,Envigado,angélica.silva.3256@ejemplo.com
SIM511259527,Sofía,Martínez,Soto,1952-04-23,Femenino,Soacha,sofía.martínez.9527@ejemplo.com
SIM367520363,Juliana,Cano,Bravo,1996-08-02,Femenino,Bogotá,juliana.cano.0363@ejemplo.com
SIM615057244,Adriana,Montero,Ortiz,1988-11-06,Femenino,Envigado,adriana.montero.7244@ejemplo.com
SIM445320116,Manuela,Salazar,Rincón,1974-11-04,Femenino,Cúcuta,manuela.salazar.0116@ejemplo.com
SIM741148802,Natalia,Martínez,Ruiz,1959-08-25,Femenino,Bogotá,natalia.martínez.8802@ejemplo.com
SIM968285490,Pilar,Soto,González,1982-04-26,Femenino,Pasto,pilar.soto.5490@ejemplo.com
SIM271395839,Pilar,Álvarez,Castro,1948-12-25,Femenino,Manizales,pilar.álvarez.5839@ejemplo.com
SIM673044801,Liliana,Vargas,Soto,2006-02-14,Femenino,Medellín,liliana.vargas.4801@ejemplo.com
SIM956191734,Irene,Castro,Salazar,1974-11-05,Femenino,Pasto,irene.castro.1734@ejemplo.com
SIM736212983,Natalia,Gómez,Vargas,1968-07-12,Femenino,Pasto,natalia.gómez.2983@ejemplo.com
SIM852221438,Marisol,Martínez,Montero,1971-07-20,Femenino,Cartagena,marisol.martínez.1438@ejemplo.com
SIM682101860,Estefanía,Rojas,Mejía,1967-09-23,Femenino,Bucaramanga,estefanía.rojas.1860@ejemplo.com
SIM160309911,Mariana,Rodríguez,Martínez,1960-11-13,Femenino,Manizales,mariana.rodríguez.9911@ejemplo.com
SIM100733897,Laura,Bravo,León,1969-10-05,Femenino,Pereira,laura.bravo.3897@ejemplo.com
SIM290546084,Andrea,Morales,Montero,1969-01-11,Femenino,Medellín,andrea.morales.6084@ejemplo.com
SIM856661933,Laura,Ramírez,Álvarez,1952-09-15,Femenino,Barranquilla,laura.ramírez.1933@ejemplo.com
SIM501140044,Inés,Cruz,López,2003-03-17,Femenino,Villavicencio,inés.cruz.0044@ejemplo.com
SIM424017866,Marisol,Hernández,Morales,1968-12-10,Femenino,Cartagena,marisol.hernández.7866@ejemplo.com
SIM950234433,Paula,Valencia,Núñez,1997-05-08,Femenino,Envigado,paula.valencia.4433@ejemplo.com
SIM859331874,Angélica,Ruiz,Gómez,1990-06-01,Femenino,Pasto,angélica.ruiz.1874@ejemplo.com
SIM974513582,Gabriela,Beltrán,Álvarez,1955-09-24,Femenino,Villavicencio,gabriela.beltrán.3582@ejemplo.com
SIM416235507,Mónica,Valencia,Suárez,1951-06-04,Femenino,Bucaramanga,mónica.valencia.5507@ejemplo.com
SIM715076673,Ariadna,García,Suárez,1975-02-17,Femenino,Medellín,ariadna.garcía.6673@ejemplo.com
SIM968449816,Natalia,Palacios,Ruiz,1994-11-06,Femenino,Manizales,natalia.palacios.9816@ejemplo.com
SIM632774653,Rosa,Salazar,Hernández,1952-08-13,Femenino,Santa Marta,rosa.salazar.4653@ejemplo.com
SIM472384530,Noemí,López,Vargas,1968-08-30,Femenino,Bucaramanga,noemí.lópez.4530@ejemplo.com
SIM819433407,Rosa,Martínez,Montero,1997-05-03,Femenino,Santa Marta,rosa.martínez.3407@ejemplo.com
SIM325146786,Renata,García,Mendoza,1962-05-21,Femenino,Cali,renata.garcía.6786@ejemplo.com
SIM873538202,Manuela,Mendoza,Hernández,1940-02-11,Femenino,Medellín,manuela.mendoza.8202@ejemplo.com
SIM550599217,Adriana,Córdoba,Valencia,1954-12-03,Femenino,Soacha,adriana.córdoba.9217@ejemplo.com
SIM686288768,Mariana,Jiménez,Ortiz,1973-09-03,Femenino,Barranquilla,mariana.jiménez.8768@ejemplo.com
SIM914157804,Luciana,Salazar,Cano,2001-08-24,Femenino,Manizales,luciana.salazar.7804@ejemplo.com
SIM958128631,Paula,Córdoba,López,1942-12-30,Femenino,Ibagué,paula.córdoba.8631@ejemplo.com
SIM212447665,Laura,Ruiz,Mendoza,1946-08-28,Femenino,Santa Marta,laura.ruiz.7665@ejemplo.com
SIM885963005,Paula,Jiménez,Torres,1946-09-23,Femenino,Cali,paula.jiménez.3005@ejemplo.com
SIM618334675,Sara,Palacios,Vega,2003-03-16,Femenino,Bogotá,sara.palacios.4675@ejemplo.com
SIM752102334,Silvana,Cano,Torres,1978-12-14,Femenino,Bucaramanga,silvana.cano.2334@ejemplo.com
SIM320708138,Sofía,Hernández,Morales,1957-01-16,Femenino,Soacha,sofía.hernández.8138@ejemplo.com
SIM883803621,Yamile,Camacho,Valencia,1988-06-15,Femenino,Cúcuta,yamile.camacho.3621@ejemplo.com
SIM355065530,Liliana,Silva,Navarro,1948-08-08,Femenino,Medellín,liliana.silva.5530@ejemplo.com
SIM627151698,Diana,Salazar,Camacho,1953-10-11,Femenino,Medellín,diana.salazar.1698@ejemplo.com
SIM194090232,Jimena,García,Núñez,1966-06-04,Femenino,Envigado,jimena.garcía.0232@ejemplo.com
SIM322214072,Juliana,Hernández,Martínez,1955-04-29,Femenino,Ibagué,juliana.hernández.4072@ejemplo.com
SIM431091936,Valentina,León,Pérez,1975-08-29,Femenino,Envigado,valentina.león.1936@ejemplo.com
SIM197857474,Mariana,Beltrán,Mendoza,1997-08-01,Femenino,Villavicencio,mariana.beltrán.7474@ejemplo.com
SIM496642020,Natalia,Cruz,Jiménez,1956-09-26,Femenino,Girón,natalia.cruz.2020@ejemplo.com
SIM599352182,Catalina,Mendoza,Córdoba,1963-08-19,Femenino,Manizales,catalina.mendoza.2182@ejemplo.com
SIM262275325,Margarita,Salazar,González,2007-06-27,Femenino,Barranquilla,margarita.salazar.5325@ejemplo.com
SIM967776836,Valentina,Beltrán,Ortiz,1988-07-29,Femenino,Soacha,valentina.beltrán.6836@ejemplo.com
SIM694425527,Irene,Álvarez,Castro,1945-06-21,Femenino,Villavicencio,irene.álvarez.5527@ejemplo.com
SIM837733572,Inés,Vélez,Ferrer,1982-08-07,Femenino,Manizales,inés.vélez.3572@ejemplo.com
SIM523917958,Luciana,Navarro,Martínez,2004-01-31,Femenino,Medellín,luciana.navarro.7958@ejemplo.com
SIM959477004,Elena,Salazar,Bravo,1991-04-09,Femenino,Cartagena,elena.salazar.7004@ejemplo.com
SIM285627380,Camila,Guerra,Córdoba,1954-12-30,Femenino,Pereira,camila.guerra.7380@ejemplo.com
SIM554595339,Juliana,Sánchez,Rodríguez,1947-01-11,Femenino,Soacha,juliana.sánchez.5339@ejemplo.com
SIM995616775,Juliana,Ramos,Ramírez,1993-05-20,Femenino,Cúcuta,juliana.ramos.6775@ejemplo.com
SIM193445007,Verónica,Valencia,López,1974-10-26,Femenino,Villavicencio,verónica.valencia.5007@ejemplo.com
SIM658010933,Victoria,Ruiz,Soto,1981-02-06,Femenino,Bogotá,victoria.ruiz.0933@ejemplo.com
SIM661096687,Yamile,Vega,Álvarez,1977-08-23,Femenino,Barranquilla,yamile.vega.6687@ejemplo.com
SIM731289471,Patricia,Ramírez,Salazar,1992-04-10,Femenino,Barranquilla,patricia.ramírez.9471@ejemplo.com
SIM208437656,Lucía,Salazar,Marín,1965-08-31,Femenino,Pasto,lucía.salazar.7656@ejemplo.com
SIM803072911,Patricia,Mendoza,Jiménez,1983-07-25,Femenino,Envigado,patricia.mendoza.2911@ejemplo.com
SIM532689999,Catalina,Gómez,Soto,1952-11-26,Femenino,Villavicencio,catalina.gómez.9999@ejemplo.com
SIM841433502,Catalina,Suárez,Morales,1961-04-24,Femenino,Medellín,catalina.suárez.3502@ejemplo.com
SIM499905152,Noemí,León,Soto,1941-10-24,Femenino,Santa Marta,noemí.león.5152@ejemplo.com
SIM627872109,Mónica,Navarro,Soto,2002-06-16,Femenino,Barranquilla,mónica.navarro.2109@ejemplo.com
SIM898567178,Gabriela,Sánchez,Navarro,1979-10-02,Femenino,Santa Marta,gabriela.sánchez.7178@ejemplo.com
SIM749591392,Margarita,Valencia,Vélez,1997-11-30,Femenino,Cali,margarita.valencia.1392@ejemplo.com
SIM984730446,Juliana,Córdoba,Díaz,1976-07-12,Femenino,Envigado,juliana.córdoba.0446@ejemplo.com
SIM981560713,Irene,Bravo,Cruz,1945-01-15,Femenino,Bucaramanga,irene.bravo.0713@ejemplo.com
SIM644167285,Isabella,Navarro,Montero,1976-03-10,Femenino,Cartagena,isabella.navarro.7285@ejemplo.com
SIM131082848,Pilar,Bravo,Salazar,1955-08-03,Femenino,Pereira,pilar.bravo.2848@ejemplo.com
SIM135509761,Juliana,González,Vargas,1980-12-12,Femenino,Medellín,juliana.gonzález.9761@ejemplo.com
SIM394181098,Jimena,Montero,Rojas,1973-01-17,Femenino,Girón,jimena.montero.1098@ejemplo.com
SIM233007467,Elena,Suárez,Ramos,2001-02-09,Femenino,Bogotá,elena.suárez.7467@ejemplo.com
SIM737849448,Ana,Cruz,Mejía,1980-01-08,Femenino,Bucaramanga,ana.cruz.9448@ejemplo.com
SIM475551835,Luciana,Álvarez,Camacho,1970-11-19,Femenino,Bucaramanga,luciana.álvarez.1835@ejemplo.com
SIM197057590,Carolina,Pineda,Suárez,1965-07-29,Femenino,Bogotá,carolina.pineda.7590@ejemplo.com
SIM714457408,Adriana,González,Torres,1959-03-24,Femenino,Manizales,adriana.gonzález.7408@ejemplo.com
SIM321975705,Angélica,Castro,Herrera,1964-02-21,Femenino,Soacha,angélica.castro.5705@ejemplo.com
SIM924174943,Elena,Martínez,Marín,2001-03-15,Femenino,Bogotá,elena.martínez.4943@ejemplo.com
SIM285972787,Luciana,Sánchez,Cano,1993-12-06,Femenino,Bogotá,luciana.sánchez.2787@ejemplo.com
SIM964454042,Gabriela,Mendoza,Palacios,1967-05-28,Femenino,Cúcuta,gabriela.mendoza.4042@ejemplo.com
SIM592845370,Silvana,Jiménez,Ortiz,1962-08-10,Femenino,Pereira,silvana.jiménez.5370@ejemplo.com
SIM659030686,Bianca,Navarro,Herrera,1995-12-12,Femenino,Villavicencio,bianca.navarro.0686@ejemplo.com
SIM649233665,Marisol,Hernández,García,1999-06-04,Femenino,Pasto,marisol.hernández.3665@ejemplo.com
SIM753962570,Victoria,Cano,Palacios,1965-05-11,Femenino,Ibagué,victoria.cano.2570@ejemplo.com
SIM168544512,Nathalia,Hernández,León,1970-03-03,Femenino,Cúcuta,nathalia.hernández.4512@ejemplo.com
SIM380404354,Rosa,Ruiz,Soto,1998-11-11,Femenino,Ibagué,rosa.ruiz.4354@ejemplo.com
SIM921921869,Juliana,Ramírez,Bravo,1961-07-23,Femenino,Medellín,juliana.ramírez.1869@ejemplo.com
SIM443152572,Fabiola,Suárez,Beltrán,2001-01-27,Femenino,Cartagena,fabiola.suárez.2572@ejemplo.com
SIM634050001,Ariadna,Martínez,Cano,1966-07-09,Femenino,Cúcuta,ariadna.martínez.0001@ejemplo.com
SIM891060070,Patricia,Suárez,Jiménez,1943-03-03,Femenino,Pereira,patricia.suárez.0070@ejemplo.com
SIM338760659,Sara,Valencia,Montero,2001-07-28,Femenino,Envigado,sara.valencia.0659@ejemplo.com
SIM422331737,Liliana,Ortiz,Rincón,1955-04-02,Femenino,Bucaramanga,liliana.ortiz.1737@ejemplo.com
SIM237378973,Lorena,Hernández,León,2006-06-21,Femenino,Cúcuta,lorena.hernández.8973@ejemplo.com
SIM296568144,Ariadna,Camacho,Guerra,2000-12-23,Femenino,Santa Marta,ariadna.camacho.8144@ejemplo.com
SIM481482646,Angélica,Martínez,Castro,1960-01-14,Femenino,Ibagué,angélica.martínez.2646@ejemplo.com
SIM379773344,Patricia,Morales,Cruz,1992-07-13,Femenino,Ibagué,patricia.morales.3344@ejemplo.com
SIM157635190,Bianca,Pérez,León,1996-11-29,Femenino,Cali,bianca.pérez.5190@ejemplo.com
SIM228651382,Luciana,Rojas,Rincón,2001-01-25,Femenino,Villavicencio,luciana.rojas.1382@ejemplo.com
SIM158048598,Inés,Navarro,Vélez,1953-07-11,Femenino,Cartagena,inés.navarro.8598@ejemplo.com
SIM711392447,Juliana,Morales,Vélez,1981-01-18,Femenino,Cartagena,juliana.morales.2447@ejemplo.com
SIM936381727,Verónica,Montero,Gómez,1947-04-02,Femenino,Envigado,verónica.montero.1727@ejemplo.com
SIM436525794,Sara,Ramos,Gómez,1996-12-03,Femenino,Medellín,sara.ramos.5794@ejemplo.com
SIM324822604,María,Córdoba,Soto,1955-02-15,Femenino,Bucaramanga,maría.córdoba.2604@ejemplo.com
SIM194533678,Mariana,Guerra,Marín,1951-08-11,Femenino,Soacha,mariana.guerra.3678@ejemplo.com
SIM560662565,Rosa,Núñez,Suárez,1982-10-30,Femenino,Villavicencio,rosa.núñez.2565@ejemplo.com
SIM314119421,María,Rodríguez,Ferrer,2005-07-20,Femenino,Pasto,maría.rodríguez.9421@ejemplo.com
SIM994672466,María,Ruiz,Guerra,1987-08-22,Femenino,Pereira,maría.ruiz.2466@ejemplo.com
SIM772899961,Laura,Herrera,García,2005-10-24,Femenino,Manizales,laura.herrera.9961@ejemplo.com
SIM435106513,Gabriela,Suárez,Ortiz,1951-07-26,Femenino,Barranquilla,gabriela.suárez.6513@ejemplo.com
SIM428688580,Adriana,Rincón,Álvarez,1954-12-25,Femenino,Cali,adriana.rincón.8580@ejemplo.com
SIM589547144,Catalina,Navarro,Silva,2005-04-18,Femenino,Santa Marta,catalina.navarro.7144@ejemplo.com
SIM468006578,Silvana,Herrera,Sánchez,1983-12-23,Femenino,Pasto,silvana.herrera.6578@ejemplo.com
SIM971887294,Irene,Rojas,Torres,1976-03-10,Femenino,Bogotá,irene.rojas.7294@ejemplo.com
SIM240881133,Gabriela,Castro,Valencia,1958-12-12,Femenino,Bogotá,gabriela.castro.1133@ejemplo.com
SIM232244172,Marisol,Rincón,Torres,1972-11-20,Femenino,Medellín,marisol.rincón.4172@ejemplo.com
SIM928123020,Adriana,Ramos,Mendoza,1987-12-22,Femenino,Medellín,adriana.ramos.3020@ejemplo.com
SIM216085930,Fabiola,González,Beltrán,1998-08-20,Femenino,Bogotá,fabiola.gonzález.5930@ejemplo.com
SIM547509357,Sofía,Suárez,Pérez,1979-11-11,Femenino,Villavicencio,sofía.suárez.9357@ejemplo.com
SIM609379184,Camila,Camacho,Mendoza,2002-12-19,Femenino,Cartagena,camila.camacho.9184@ejemplo.com
SIM776791654,Alejandra,Suárez,Herrera,1940-10-31,Femenino,Ibagué,alejandra.suárez.1654@ejemplo.com
SIM811335671,Patricia,Beltrán,Hernández,1986-09-05,Femenino,Cúcuta,patricia.beltrán.5671@ejemplo.com
SIM247278210,Olga,Palacios,Suárez,1977-07-29,Femenino,Barranquilla,olga.palacios.8210@ejemplo.com
SIM226416530,Elena,Valencia,Vega,1965-05-12,Femenino,Barranquilla,elena.valencia.6530@ejemplo.com
SIM753910715,Lucía,Mejía,Rojas,1957-12-02,Femenino,Cúcuta,lucía.mejía.0715@ejemplo.com
SIM855309458,Inés,Rojas,Ortiz,1976-10-04,Femenino,Ibagué,inés.rojas.9458@ejemplo.com
SIM632956813,Paula,Rodríguez,Camacho,1958-08-19,Femenino,Envigado,paula.rodríguez.6813@ejemplo.com
SIM113689561,Sara,Vargas,García,2000-04-03,Femenino,Cali,sara.vargas.9561@ejemplo.com
SIM630540166,Camila,Salazar,Beltrán,1953-05-19,Femenino,Cali,camila.salazar.0166@ejemplo.com
SIM876920515,Pilar,Rincón,López,2004-11-30,Femenino,Barranquilla,pilar.rincón.0515@ejemplo.com
SIM590432899,Carolina,Cano,Castro,1966-07-23,Femenino,Cúcuta,carolina.cano.2899@ejemplo.com
SIM973143678,Bianca,González,Hernández,1955-09-03,Femenino,Medellín,bianca.gonzález.3678@ejemplo.com
SIM435766697,Lorena,Cruz,Herrera,1978-03-21,Femenino,Barranquilla,lorena.cruz.6697@ejemplo.com
SIM110385578,Lucía,Guerra,Rodríguez,1952-05-31,Femenino,Bucaramanga,lucía.guerra.5578@ejemplo.com
SIM767660223,Sara,Ortiz,Córdoba,1964-01-26,Femenino,Cali,sara.ortiz.0223@ejemplo.com
SIM222226183,Jimena,Morales,Gómez,1975-12-15,Femenino,Villavicencio,jimena.morales.6183@ejemplo.com
SIM840777094,Bianca,Soto,Jiménez,1982-11-27,Femenino,Soacha,bianca.soto.7094@ejemplo.com
SIM242283221,Angélica,Torres,Pérez,2002-06-16,Femenino,Medellín,angélica.torres.3221@ejemplo.com
SIM734313309,Paula,Hernández,Vélez,1983-04-21,Femenino,Girón,paula.hernández.3309@ejemplo.com
SIM936621291,Natalia,Vega,Jiménez,1972-03-03,Femenino,Bogotá,natalia.vega.1291@ejemplo.com
SIM618702826,Nathalia,Valencia,Sánchez,1983-10-16,Femenino,Barranquilla,nathalia.valencia.2826@ejemplo.com
SIM168006560,Patricia,Córdoba,Rodríguez,1963-06-21,Femenino,Santa Marta,patricia.córdoba.6560@ejemplo.com
SIM663518937,María,Montero,Herrera,2006-09-18,Femenino,Manizales,maría.montero.8937@ejemplo.com
SIM661677752,Liliana,Morales,Bravo,2001-09-29,Femenino,Barranquilla,liliana.morales.7752@ejemplo.com
SIM366907512,Silvana,Beltrán,Valencia,1983-03-27,Femenino,Pasto,silvana.beltrán.7512@ejemplo.com
SIM513258121,Liliana,Herrera,Cano,1953-05-03,Femenino,Medellín,liliana.herrera.8121@ejemplo.com
SIM642849045,María,Cano,Torres,1982-02-06,Femenino,Envigado,maría.cano.9045@ejemplo.com
SIM627902980,Paula,López,Guerra,1968-10-06,Femenino,Manizales,paula.lópez.2980@ejemplo.com
SIM644311226,Sara,Soto,González,1959-12-24,Femenino,Villavicencio,sara.soto.1226@ejemplo.com
SIM592949064,Diana,Vargas,Martínez,1979-11-07,Femenino,Girón,diana.vargas.9064@ejemplo.com
SIM439368482,Valentina,Mejía,Córdoba,1950-08-25,Femenino,Envigado,valentina.mejía.8482@ejemplo.com
SIM210212429,Noemí,Cano,Martínez,1976-03-11,Femenino,Soacha,noemí.cano.2429@ejemplo.com
SIM986812783,Catalina,Camacho,García,1948-02-26,Femenino,Ibagué,catalina.camacho.2783@ejemplo.com
SIM802867083,Elena,Camacho,Díaz,2000-03-28,Femenino,Girón,elena.camacho.7083@ejemplo.com
SIM976805431,Sara,Cruz,González,1959-12-31,Femenino,Girón,sara.cruz.5431@ejemplo.com
SIM765460052,Sara,Camacho,Marín,1993-10-28,Femenino,Envigado,sara.camacho.0052@ejemplo.com
SIM868706268,Antonella,Beltrán,Cruz,1980-08-06,Femenino,Barranquilla,antonella.beltrán.6268@ejemplo.com
SIM338099150,Lucía,Guerra,Beltrán,1940-03-12,Femenino,Santa Marta,lucía.guerra.9150@ejemplo.com
SIM688078280,Manuela,Ramos,Silva,1986-10-30,Femenino,Pasto,manuela.ramos.8280@ejemplo.com
SIM276260482,Yamile,Hernández,Rodríguez,1984-03-05,Femenino,Cartagena,yamile.hernández.0482@ejemplo.com
SIM539386707,Antonella,Pineda,Valencia,1949-08-05,Femenino,Cúcuta,antonella.pineda.6707@ejemplo.com
SIM521869399,Olga,Rojas,Pérez,1959-05-05,Femenino,Girón,olga.rojas.9399@ejemplo.com
SIM215712585,Juliana,Montero,Morales,2007-12-05,Femenino,Soacha,juliana.montero.2585@ejemplo.com
SIM732231115,Catalina,Ramos,Herrera,1951-01-20,Femenino,Girón,catalina.ramos.1115@ejemplo.com
SIM641378026,Bianca,Beltrán,Álvarez,1952-01-29,Femenino,Envigado,bianca.beltrán.8026@ejemplo.com
SIM152153364,María,Bravo,Pineda,1989-08-19,Femenino,Soacha,maría.bravo.3364@ejemplo.com
SIM938679870,Marisol,León,Rincón,1955-11-24,Femenino,Bucaramanga,marisol.león.9870@ejemplo.com
SIM515973568,Ariadna,Sánchez,Hernández,1998-12-27,Femenino,Santa Marta,ariadna.sánchez.3568@ejemplo.com
SIM753901994,Elena,Jiménez,Vélez,2002-02-16,Femenino,Manizales,elena.jiménez.1994@ejemplo.com
SIM415866432,Margarita,Suárez,Morales,1980-08-16,Femenino,Cartagena,margarita.suárez.6432@ejemplo.com
SIM851634610,Andrea,Vélez,Palacios,2007-02-22,Femenino,Ibagué,andrea.vélez.4610@ejemplo.com
SIM864369269,Yamile,Camacho,Ruiz,2006-02-07,Femenino,Pereira,yamile.camacho.9269@ejemplo.com
SIM867064555,Juliana,Díaz,Vega,1966-01-25,Femenino,Pasto,juliana.díaz.4555@ejemplo.com
SIM798024936,Nathalia,Sánchez,Montero,1955-12-14,Femenino,Santa Marta,nathalia.sánchez.4936@ejemplo.com
SIM478212463,Antonella,Pérez,Guerra,1990-06-11,Femenino,Envigado,antonella.pérez.2463@ejemplo.com
SIM862489444,Marisol,Salazar,Beltrán,1977-06-14,Femenino,Ibagué,marisol.salazar.9444@ejemplo.com
SIM214321799,Silvana,García,Bravo,1942-04-08,Femenino,Villavicencio,silvana.garcía.1799@ejemplo.com
SIM160778918,Daniela,González,Beltrán,1957-12-07,Femenino,Cúcuta,daniela.gonzález.8918@ejemplo.com
SIM833784779,Irene,Torres,Silva,1962-06-24,Femenino,Cartagena,irene.torres.4779@ejemplo.com
SIM319044298,Sofía,Suárez,Silva,2007-08-10,Femenino,Medellín,sofía.suárez.4298@ejemplo.com
SIM761541819,Manuela,Córdoba,Hernández,2000-08-08,Femenino,Manizales,manuela.córdoba.1819@ejemplo.com
SIM517563874,Noemí,Cano,Camacho,1961-04-25,Femenino,Ibagué,noemí.cano.3874@ejemplo.com
SIM509721231,Yamile,Beltrán,González,1974-10-08,Femenino,Soacha,yamile.beltrán.1231@ejemplo.com
SIM157769665,Nathalia,Ruiz,Camacho,1941-02-28,Femenino,Cúcuta,nathalia.ruiz.9665@ejemplo.com
SIM575736188,Juliana,Vega,Marín,1960-03-26,Femenino,Pasto,juliana.vega.6188@ejemplo.com
SIM892904680,Irene,Álvarez,Ferrer,1994-02-17,Femenino,Pereira,irene.álvarez.4680@ejemplo.com
SIM415870923,Pilar,Valencia,Rojas,1980-04-06,Femenino,Bucaramanga,pilar.valencia.0923@ejemplo.com
SIM286611097,Nathalia,López,Gómez,2005-12-12,Femenino,Barranquilla,nathalia.lópez.1097@ejemplo.com
SIM399694490,Adriana,Rodríguez,Núñez,1989-12-07,Femenino,Cúcuta,adriana.rodríguez.4490@ejemplo.com
SIM373821508,Andrea,Torres,Álvarez,1940-07-03,Femenino,Santa Marta,andrea.torres.1508@ejemplo.com
SIM142885885,Bianca,Montero,Ramírez,1953-10-15,Femenino,Santa Marta,bianca.montero.5885@ejemplo.com
SIM771482340,Fabiola,González,Marín,1995-03-25,Femenino,Ibagué,fabiola.gonzález.2340@ejemplo.com
SIM484491474,Mariana,Salazar,Camacho,1946-07-16,Femenino,Santa Marta,mariana.salazar.1474@ejemplo.com
SIM658996745,Inés,Castro,Gómez,1946-02-12,Femenino,Bucaramanga,inés.castro.6745@ejemplo.com
SIM198725784,Patricia,Ferrer,Suárez,1971-05-07,Femenino,Manizales,patricia.ferrer.5784@ejemplo.com
SIM455479984,Alejandra,Beltrán,Morales,1972-05-14,Femenino,Ibagué,alejandra.beltrán.9984@ejemplo.com
SIM669618855,Alejandra,Guerra,Vega,1982-08-08,Femenino,Bogotá,alejandra.guerra.8855@ejemplo.com
SIM578531560,Camila,Beltrán,Ortiz,1961-07-24,Femenino,Manizales,camila.beltrán.1560@ejemplo.com
SIM509495719,Catalina,Herrera,Ruiz,1950-03-04,Femenino,Villavicencio,catalina.herrera.5719@ejemplo.com
SIM403685324,Carolina,Ferrer,Valencia,1942-03-20,Femenino,Pasto,carolina.ferrer.5324@ejemplo.com
SIM622702576,Elena,Rincón,Córdoba,1943-12-07,Femenino,Ibagué,elena.rincón.2576@ejemplo.com
SIM651790232,Angélica,Rojas,Ruiz,1947-05-22,Femenino,Barranquilla,angélica.rojas.0232@ejemplo.com
SIM672525395,Paula,Marín,Ferrer,1940-08-28,Femenino,Cali,paula.marín.5395@ejemplo.com
SIM930627638,Alejandra,Beltrán,Ramos,1959-02-15,Femenino,Soacha,alejandra.beltrán.7638@ejemplo.com
SIM989862107,Lucía,Díaz,Ferrer,2003-01-17,Femenino,Soacha,lucía.díaz.2107@ejemplo.com
SIM836633647,Angélica,López,Pineda,1953-10-17,Femenino,Bogotá,angélica.lópez.3647@ejemplo.com
SIM140680121,Bianca,Montero,Morales,1947-11-07,Femenino,Cali,bianca.montero.0121@ejemplo.com
SIM699238353,Sofía,Gómez,Mendoza,1946-04-27,Femenino,Manizales,sofía.gómez.8353@ejemplo.com
SIM584392493,Carolina,Vélez,Jiménez,1996-07-15,Femenino,Villavicencio,carolina.vélez.2493@ejemplo.com
SIM518224445,Silvana,Ruiz,Martínez,2000-05-27,Femenino,Barranquilla,silvana.ruiz.4445@ejemplo.com
SIM873400862,Clara,García,Cano,1995-06-23,Femenino,Cali,clara.garcía.0862@ejemplo.com
SIM148873346,Irene,Pineda,Álvarez,2002-11-17,Femenino,Cali,irene.pineda.3346@ejemplo.com
SIM411209672,Manuela,Rincón,Hernández,2001-07-13,Femenino,Ibagué,manuela.rincón.9672@ejemplo.com
SIM921706952,Fabiola,Martínez,Silva,1979-04-07,Femenino,Villavicencio,fabiola.martínez.6952@ejemplo.com
SIM608940398,Diana,Beltrán,Martínez,1954-01-09,Femenino,Manizales,diana.beltrán.0398@ejemplo.com
SIM955525741,Andrea,Pineda,Suárez,1988-12-16,Femenino,Ibagué,andrea.pineda.5741@ejemplo.com
SIM827233573,Rosa,Ramírez,Navarro,2005-06-06,Femenino,Pasto,rosa.ramírez.3573@ejemplo.com
SIM232322744,María,Camacho,Ramírez,1943-09-30,Femenino,Bogotá,maría.camacho.2744@ejemplo.com
SIM676762622,Estefanía,Palacios,Suárez,1989-02-13,Femenino,Cali,estefanía.palacios.2622@ejemplo.com
SIM896104919,Mónica,Díaz,Pineda,2005-02-15,Femenino,Pasto,mónica.díaz.4919@ejemplo.com
SIM650349270,Alejandra,Vélez,Cano,1952-10-11,Femenino,Bucaramanga,alejandra.vélez.9270@ejemplo.com
SIM996304234,Natalia,Castro,Vega,1962-09-03,Femenino,Pereira,natalia.castro.4234@ejemplo.com
SIM958628444,Camila,Gómez,Beltrán,1990-11-23,Femenino,Medellín,camila.gómez.8444@ejemplo.com
SIM792213989,Irene,Camacho,Pacheco,1989-04-24,Femenino,Cali,irene.camacho.3989@ejemplo.com
SIM369173782,Lorena,Beltrán,López,1948-10-22,Femenino,Pereira,lorena.beltrán.3782@ejemplo.com
SIM455248480,Ariadna,Álvarez,Mejía,1972-01-15,Femenino,Cartagena,ariadna.álvarez.8480@ejemplo.com
SIM207422565,Liliana,Cano,Vargas,1965-07-31,Femenino,Cali,liliana.cano.2565@ejemplo.com
SIM583877436,Juliana,Ruiz,Mejía,1969-06-16,Femenino,Ibagué,juliana.ruiz.7436@ejemplo.com
SIM707256840,Yamile,Álvarez,Ramírez,1990-11-08,Femenino,Pasto,yamile.álvarez.6840@ejemplo.com
SIM105188198,Verónica,Núñez,Torres,1968-02-06,Femenino,Manizales,verónica.núñez.8198@ejemplo.com
SIM788095145,Gabriela,Montero,Pineda,1979-02-15estefanía.álvarez.8840@ejemplo.com,Femenino,Cúcuta,gabriela.montero.5145@ejemplo.com
SIM887023544,Jimena,Sánchez,Herrera,1969-09-29,Femenino,Envigado,jimena.sánchez.3544@ejemplo.com
SIM931899691,Bianca,Córdoba,Ortiz,1967-05-28,Femenino,Envigado,bianca.córdoba.9691@ejemplo.com
SIM793155758,Victoria,Hernández,Gómez,1994-06-03,Femenino,Cali,victoria.hernández.5758@ejemplo.com
SIM310917183,Margarita,Sánchez,Ferrer,1963-08-13,Femenino,Cali,margarita.sánchez.7183@ejemplo.com
SIM644578566,Ariadna,López,Martínez,1996-08-31,Femenino,Bogotá,ariadna.lópez.8566@ejemplo.com
SIM925922483,Marisol,Álvarez,Suárez,1992-12-07,Femenino,Pereira,marisol.álvarez.2483@ejemplo.com
SIM683545743,Catalina,Camacho,Mendoza,1988-06-01,Femenino,Envigado,catalina.camacho.5743@ejemplo.com
SIM492794766,Angélica,Marín,Ramírez,1975-03-19,Femenino,Manizales,angélica.marín.4766@ejemplo.com
SIM412457968,Pilar,Álvarez,Valencia,1952-01-05,Femenino,Girón,pilar.álvarez.7968@ejemplo.com
SIM526044822,Elena,Rincón,Martínez,1972-08-23,Femenino,Bogotá,elena.rincón.4822@ejemplo.com
SIM834612989,Liliana,Vargas,Vega,1954-11-17,Femenino,Cartagena,liliana.vargas.2989@ejemplo.com
SIM708121468,Renata,Torres,Gómez,1990-10-05,Femenino,Cartagena,renata.torres.1468@ejemplo.com
SIM485253781,Noemí,Valencia,León,1943-08-17,Femenino,Manizales,noemí.valencia.3781@ejemplo.com
SIM167496657,Irene,Mejía,Castro,1963-09-19,Femenino,Pasto,irene.mejía.6657@ejemplo.com
SIM322021972,Gabriela,Rodríguez,Beltrán,1986-06-18,Femenino,Pasto,gabriela.rodríguez.1972@ejemplo.com
SIM149861842,Adriana,León,Pacheco,1943-07-31,Femenino,Santa Marta,adriana.león.1842@ejemplo.com
SIM780287364,Lucía,Montero,Bravo,1964-07-14,Femenino,Cúcuta,lucía.montero.7364@ejemplo.com
SIM286669820,Marisol,Ferrer,Salazar,1973-10-16,Femenino,Villavicencio,marisol.ferrer.9820@ejemplo.com
SIM997078087,Jimena,Álvarez,Cano,1946-12-25,Femenino,Cúcuta,jimena.álvarez.8087@ejemplo.com
SIM535769745,Adriana,Castro,Bravo,1971-08-29,Femenino,Pasto,adriana.castro.9745@ejemplo.com
SIM107084208,Mariana,León,Palacios,1985-01-08,Femenino,Cartagena,mariana.león.4208@ejemplo.com
SIM182772849,Renata,Torres,Castro,1986-02-28,Femenino,Cúcuta,renata.torres.2849@ejemplo.com
SIM268961168,Alejandra,Ramírez,Gómez,1972-06-30,Femenino,Barranquilla,alejandra.ramírez.1168@ejemplo.com
SIM970989978,Liliana,Castro,Vélez,1969-08-16,Femenino,Barranquilla,liliana.castro.9978@ejemplo.com
SIM614345062,Luciana,Herrera,León,1958-11-26,Femenino,Bucaramanga,luciana.herrera.5062@ejemplo.com
SIM361639001,Angélica,Vélez,Martínez,1943-11-14,Femenino,Cartagena,angélica.vélez.9001@ejemplo.com
SIM244658840,Estefanía,Álvarez,Torres,1996-06-23,Femenino,Medellín,estefanía.álvarez.8840@ejemplo.com
SIM278607682,Estefanía,Ramírez,González,1963-03-03,Femenino,Bucaramanga,estefanía.ramírez.7682@ejemplo.com
SIM705165937,Inés,Suárez,Palacios,1997-03-15,Femenino,Bogotá,inés.suárez.5937@ejemplo.com
SIM981867712,Ariadna,Valencia,Beltrán,1965-06-06,Femenino,Cali,ariadna.valencia.7712@ejemplo.com
SIM606176343,Alejandra,Córdoba,Palacios,1983-03-19,Femenino,Bucaramanga,alejandra.córdoba.6343@ejemplo.com
SIM253235987,Gabriela,Vélez,Palacios,1992-04-09,Femenino,Bucaramanga,gabriela.vélez.5987@ejemplo.com
SIM384026939,Olga,Beltrán,Rincón,1955-01-17,Femenino,Santa Marta,olga.beltrán.6939@ejemplo.com
SIM173919503,Bianca,Palacios,Álvarez,1960-08-13,Femenino,Villavicencio,bianca.palacios.9503@ejemplo.com
SIM117783990,Adriana,Sánchez,Hernández,1958-02-25,Femenino,Soacha,adriana.sánchez.3990@ejemplo.com
SIM290505619,Daniela,Palacios,Hernández,1982-09-10,Femenino,Medellín,daniela.palacios.5619@ejemplo.com
SIM226182283,Clara,Rincón,Guerra,1948-05-11,Femenino,Envigado,clara.rincón.2283@ejemplo.com
SIM679053918,Liliana,Sánchez,Palacios,1940-02-09,Femenino,Soacha,liliana.sánchez.3918@ejemplo.com
SIM146641502,Inés,Vélez,Cruz,2002-08-03,Femenino,Soacha,inés.vélez.1502@ejemplo.com
SIM509349574,Gabriela,León,Marín,1971-06-12,Femenino,Barranquilla,gabriela.león.9574@ejemplo.com
SIM612326496,Silvana,Sánchez,Mendoza,1960-11-09,Femenino,Cali,silvana.sánchez.6496@ejemplo.com
SIM538781057,Lorena,Palacios,Ferrer,1963-02-16,Femenino,Pereira,lorena.palacios.1057@ejemplo.com
SIM947635936,María,Montero,Pineda,1940-08-21,Femenino,Barranquilla,maría.montero.5936@ejemplo.com
SIM802813548,Inés,García,Jiménez,1958-06-06,Femenino,Santa Marta,inés.garcía.3548@ejemplo.com
SIM266192234,Patricia,Cruz,Hernández,1978-03-23,Femenino,Cúcuta,patricia.cruz.2234@ejemplo.com
SIM706310053,Carolina,Ferrer,Núñez,1972-10-20,Femenino,Cúcuta,carolina.ferrer.0053@ejemplo.com
SIM318714407,Nathalia,Suárez,Guerra,1977-01-26,Femenino,Envigado,nathalia.suárez.4407@ejemplo.com
SIM695831533,Natalia,Cruz,Camacho,1983-05-26,Femenino,Cúcuta,natalia.cruz.1533@ejemplo.com
SIM931284997,Mónica,Salazar,Ortiz,2003-04-17,Femenino,Villavicencio,mónica.salazar.4997@ejemplo.com
SIM227867365,Noemí,Sánchez,Beltrán,2007-02-02,Femenino,Manizales,noemí.sánchez.7365@ejemplo.com
SIM207673349,Renata,Suárez,Torres,1959-03-29,Femenino,Villavicencio,renata.suárez.3349@ejemplo.com
SIM848459689,Sara,Camacho,Vega,2001-05-31,Femenino,Medellín,sara.camacho.9689@ejemplo.com
SIM105680775,Paula,Jiménez,Ramos,1948-03-03,Femenino,Cartagena,paula.jiménez.0775@ejemplo.com
SIM194640346,Luciana,Palacios,Núñez,1945-09-30,Femenino,Cúcuta,luciana.palacios.0346@ejemplo.com
SIM753939761,Gabriela,Cruz,Martínez,1943-05-22,Femenino,Villavicencio,gabriela.cruz.9761@ejemplo.com
SIM659425442,Diana,Vega,Cano,1965-09-13,Femenino,Medellín,diana.vega.5442@ejemplo.com
SIM630824004,Pilar,Gómez,Ramos,1979-05-20,Femenino,Bogotá,pilar.gómez.4004@ejemplo.com
SIM407097155,Juliana,Beltrán,Bravo,1957-06-21,Femenino,Medellín,juliana.beltrán.7155@ejemplo.com
SIM849954690,Fabiola,Rincón,Bravo,1960-10-13,Femenino,Bucaramanga,fabiola.rincón.4690@ejemplo.com
SIM356899846,Nathalia,Rodríguez,Cruz,1998-10-06,Femenino,Bogotá,nathalia.rodríguez.9846@ejemplo.com
SIM937167377,Paula,Martínez,Soto,1975-11-01,Femenino,Pasto,paula.martínez.7377@ejemplo.com
SIM315081636,Liliana,Suárez,Álvarez,1986-06-13,Femenino,Bogotá,liliana.suárez.1636@ejemplo.com
SIM196814848,Noemí,Montero,López,1989-04-22,Femenino,Ibagué,noemí.montero.4848@ejemplo.com
SIM473764425,Ariadna,Camacho,Álvarez,1971-03-05,Femenino,Cúcuta,ariadna.camacho.4425@ejemplo.com
SIM588293766,Gabriela,Palacios,Rojas,1976-03-28,Femenino,Bogotá,gabriela.palacios.3766@ejemplo.com
SIM643569021,Carolina,Gómez,Vélez,1949-07-20,Femenino,Cali,carolina.gómez.9021@ejemplo.com
SIM225637455,Elena,Silva,Morales,1986-01-18,Femenino,Cúcuta,elena.silva.7455@ejemplo.com
SIM845382835,Clara,Salazar,Mendoza,1979-09-21,Femenino,Villavicencio,clara.salazar.2835@ejemplo.com
SIM361212671,Estefanía,León,Marín,2007-12-15,Femenino,Santa Marta,estefanía.león.2671@ejemplo.com
SIM594694805,Pilar,Pacheco,Herrera,1992-08-24,Femenino,Bogotá,pilar.pacheco.4805@ejemplo.com
SIM172535838,Luciana,Pérez,Mendoza,1974-05-01,Femenino,Manizales,luciana.pérez.5838@ejemplo.com
SIM959166755,Nathalia,Suárez,Castro,1968-04-28,Femenino,Soacha,nathalia.suárez.6755@ejemplo.com
SIM110440194,Manuela,Bravo,Ferrer,2002-11-15,Femenino,Cúcuta,manuela.bravo.0194@ejemplo.com
SIM528348505,Ana,Silva,Martínez,2000-06-09,Femenino,Santa Marta,ana.silva.8505@ejemplo.com
SIM611697526,Isabella,Camacho,Gómez,1968-02-27,Femenino,Pasto,isabella.camacho.7526@ejemplo.com
SIM296263306,Alejandra,Salazar,Soto,2006-12-10,Femenino,Pereira,alejandra.salazar.3306@ejemplo.com
SIM352180476,Mariana,Pineda,Rojas,2005-12-23,Femenino,Manizales,mariana.pineda.0476@ejemplo.com
SIM317718930,Carolina,Díaz,Castro,1962-05-27,Femenino,Pasto,carolina.díaz.8930@ejemplo.com
SIM228718546,Daniela,Marín,Hernández,1947-01-15,Femenino,Envigado,daniela.marín.8546@ejemplo.com
SIM681403225,Olga,García,Guerra,1943-10-16,Femenino,Envigado,olga.garcía.3225@ejemplo.com
SIM1234567890,Carlos,Gómez,Pérez,1990-05-21,Masculino,Bogotá,carlos.gomez@email.com
SIM9876543210,Juan,Rodríguez,López,1985-08-10,Masculino,Medellín,juan.rodriguez@email.com